ISO-10303-21;
HEADER;
/* Generated by software containing ST-Developer
 * from STEP Tools, Inc. (www.steptools.com) 
 */
/* OPTION: using custom renumber hook */

FILE_DESCRIPTION(
/* description */ ('STEP AP242 Edition 2',
'CAx-IF Rec.Pracs.---Representation and Presentation of Product Manufa
cturing Information (PMI)---4.0---2014-10-13',
'CAx-IF Rec.Pracs.---3D Tessellated Geometry---0.4---2014-09-14','2;1',
'CAx-IF Rec.Pracs.---User Defined Attributes---1.5---2016-08-15'),
/* implementation_level */ '2;1');

FILE_NAME(
/* name */ 'Part Studio 1',
/* time_stamp */ '2026-09-05T23:07:28Z',
/* author */ (''),
/* organization */ (''),
/* preprocessor_version */ 'ST-DEVELOPER v20',
/* originating_system */ 'ONSHAPE BY PTC INC, 1.220',
/* authorisation */ '  ');

FILE_SCHEMA (('AP242_MANAGED_MODEL_BASED_3D_ENGINEERING_MIM_LF { 1 0 10303 442 3 1 4 }'));
ENDSEC;

DATA;
#10=SHAPE_REPRESENTATION_RELATIONSHIP('','',#2301,#13);
#11=SHAPE_REPRESENTATION_RELATIONSHIP('','',#2302,#14);
#12=SHAPE_REPRESENTATION_RELATIONSHIP('','',#2303,#15);
#13=ADVANCED_BREP_SHAPE_REPRESENTATION('',(#2295),#3699);
#14=ADVANCED_BREP_SHAPE_REPRESENTATION('',(#2296),#3700);
#15=ADVANCED_BREP_SHAPE_REPRESENTATION('',(#2297),#3701);
#16=CYLINDRICAL_SURFACE('',#2314,0.0015);
#17=CYLINDRICAL_SURFACE('',#2326,0.00475);
#18=CYLINDRICAL_SURFACE('',#2329,0.00475);
#19=CYLINDRICAL_SURFACE('',#2333,0.0015);
#20=CYLINDRICAL_SURFACE('',#2343,0.00475);
#21=CYLINDRICAL_SURFACE('',#2346,0.00475);
#22=CYLINDRICAL_SURFACE('',#2358,0.00475);
#23=CYLINDRICAL_SURFACE('',#2361,0.00475);
#24=CYLINDRICAL_SURFACE('',#2364,0.00475);
#25=CYLINDRICAL_SURFACE('',#2366,0.00475);
#26=CYLINDRICAL_SURFACE('',#2405,0.0015);
#27=CYLINDRICAL_SURFACE('',#2409,0.00225);
#28=CYLINDRICAL_SURFACE('',#2414,0.0045);
#29=CYLINDRICAL_SURFACE('',#2420,0.0015);
#30=CYLINDRICAL_SURFACE('',#2424,0.00225);
#31=CYLINDRICAL_SURFACE('',#2429,0.0045);
#32=CYLINDRICAL_SURFACE('',#2445,0.0015);
#33=CYLINDRICAL_SURFACE('',#2449,0.00225);
#34=CYLINDRICAL_SURFACE('',#2454,0.0045);
#35=CYLINDRICAL_SURFACE('',#2459,0.0015);
#36=CYLINDRICAL_SURFACE('',#2463,0.00225);
#37=CYLINDRICAL_SURFACE('',#2468,0.0045);
#38=CIRCLE('',#2306,0.0015);
#39=CIRCLE('',#2307,0.0015);
#40=CIRCLE('',#2309,0.0015);
#41=CIRCLE('',#2310,0.0015);
#42=CIRCLE('',#2321,0.00475);
#43=CIRCLE('',#2325,0.00475);
#44=CIRCLE('',#2327,0.00475);
#45=CIRCLE('',#2330,0.00475);
#46=CIRCLE('',#2338,0.00475);
#47=CIRCLE('',#2342,0.00475);
#48=CIRCLE('',#2344,0.00475);
#49=CIRCLE('',#2347,0.00475);
#50=CIRCLE('',#2352,0.00475);
#51=CIRCLE('',#2353,0.00475);
#52=CIRCLE('',#2354,0.00475);
#53=CIRCLE('',#2355,0.00475);
#54=CIRCLE('',#2359,0.00475);
#55=CIRCLE('',#2362,0.00475);
#56=CIRCLE('',#2365,0.00475);
#57=CIRCLE('',#2367,0.00475);
#58=CIRCLE('',#2393,0.0015);
#59=CIRCLE('',#2394,0.0015);
#60=CIRCLE('',#2398,0.0015);
#61=CIRCLE('',#2399,0.0015);
#62=CIRCLE('',#2403,0.00225);
#63=CIRCLE('',#2404,0.00225);
#64=CIRCLE('',#2407,0.00225);
#65=CIRCLE('',#2413,0.0045);
#66=CIRCLE('',#2415,0.0045);
#67=CIRCLE('',#2422,0.00225);
#68=CIRCLE('',#2428,0.0045);
#69=CIRCLE('',#2430,0.0045);
#70=CIRCLE('',#2435,0.0015);
#71=CIRCLE('',#2436,0.0015);
#72=CIRCLE('',#2438,0.0015);
#73=CIRCLE('',#2439,0.0015);
#74=CIRCLE('',#2443,0.00225);
#75=CIRCLE('',#2444,0.00225);
#76=CIRCLE('',#2447,0.00225);
#77=CIRCLE('',#2453,0.0045);
#78=CIRCLE('',#2455,0.0045);
#79=CIRCLE('',#2461,0.00225);
#80=CIRCLE('',#2467,0.0045);
#81=CIRCLE('',#2469,0.0045);
#82=ORIENTED_EDGE('',*,*,#682,.T.);
#83=ORIENTED_EDGE('',*,*,#683,.T.);
#84=ORIENTED_EDGE('',*,*,#684,.F.);
#85=ORIENTED_EDGE('',*,*,#685,.F.);
#86=ORIENTED_EDGE('',*,*,#686,.T.);
#87=ORIENTED_EDGE('',*,*,#687,.F.);
#88=ORIENTED_EDGE('',*,*,#688,.F.);
#89=ORIENTED_EDGE('',*,*,#689,.T.);
#90=ORIENTED_EDGE('',*,*,#690,.F.);
#91=ORIENTED_EDGE('',*,*,#691,.T.);
#92=ORIENTED_EDGE('',*,*,#692,.T.);
#93=ORIENTED_EDGE('',*,*,#693,.F.);
#94=ORIENTED_EDGE('',*,*,#694,.F.);
#95=ORIENTED_EDGE('',*,*,#695,.F.);
#96=ORIENTED_EDGE('',*,*,#696,.T.);
#97=ORIENTED_EDGE('',*,*,#697,.T.);
#98=ORIENTED_EDGE('',*,*,#698,.F.);
#99=ORIENTED_EDGE('',*,*,#699,.T.);
#100=ORIENTED_EDGE('',*,*,#700,.T.);
#101=ORIENTED_EDGE('',*,*,#701,.F.);
#102=ORIENTED_EDGE('',*,*,#702,.F.);
#103=ORIENTED_EDGE('',*,*,#703,.T.);
#104=ORIENTED_EDGE('',*,*,#704,.T.);
#105=ORIENTED_EDGE('',*,*,#705,.F.);
#106=ORIENTED_EDGE('',*,*,#706,.T.);
#107=ORIENTED_EDGE('',*,*,#707,.T.);
#108=ORIENTED_EDGE('',*,*,#708,.F.);
#109=ORIENTED_EDGE('',*,*,#709,.F.);
#110=ORIENTED_EDGE('',*,*,#703,.F.);
#111=ORIENTED_EDGE('',*,*,#710,.F.);
#112=ORIENTED_EDGE('',*,*,#711,.T.);
#113=ORIENTED_EDGE('',*,*,#712,.T.);
#114=ORIENTED_EDGE('',*,*,#688,.T.);
#115=ORIENTED_EDGE('',*,*,#713,.F.);
#116=ORIENTED_EDGE('',*,*,#714,.F.);
#117=ORIENTED_EDGE('',*,*,#715,.T.);
#118=ORIENTED_EDGE('',*,*,#702,.T.);
#119=ORIENTED_EDGE('',*,*,#716,.F.);
#120=ORIENTED_EDGE('',*,*,#717,.F.);
#121=ORIENTED_EDGE('',*,*,#718,.T.);
#122=ORIENTED_EDGE('',*,*,#691,.F.);
#123=ORIENTED_EDGE('',*,*,#719,.F.);
#124=ORIENTED_EDGE('',*,*,#720,.F.);
#125=ORIENTED_EDGE('',*,*,#710,.T.);
#126=ORIENTED_EDGE('',*,*,#701,.T.);
#127=ORIENTED_EDGE('',*,*,#721,.F.);
#128=ORIENTED_EDGE('',*,*,#722,.T.);
#129=ORIENTED_EDGE('',*,*,#723,.T.);
#130=ORIENTED_EDGE('',*,*,#682,.F.);
#131=ORIENTED_EDGE('',*,*,#724,.F.);
#132=ORIENTED_EDGE('',*,*,#725,.F.);
#133=ORIENTED_EDGE('',*,*,#716,.T.);
#134=ORIENTED_EDGE('',*,*,#704,.F.);
#135=ORIENTED_EDGE('',*,*,#694,.T.);
#136=ORIENTED_EDGE('',*,*,#696,.F.);
#137=ORIENTED_EDGE('',*,*,#726,.F.);
#138=ORIENTED_EDGE('',*,*,#705,.T.);
#139=ORIENTED_EDGE('',*,*,#727,.T.);
#140=ORIENTED_EDGE('',*,*,#698,.T.);
#141=ORIENTED_EDGE('',*,*,#728,.F.);
#142=ORIENTED_EDGE('',*,*,#707,.F.);
#143=ORIENTED_EDGE('',*,*,#729,.T.);
#144=ORIENTED_EDGE('',*,*,#697,.F.);
#145=ORIENTED_EDGE('',*,*,#727,.F.);
#146=ORIENTED_EDGE('',*,*,#708,.T.);
#147=ORIENTED_EDGE('',*,*,#728,.T.);
#148=ORIENTED_EDGE('',*,*,#690,.T.);
#149=ORIENTED_EDGE('',*,*,#730,.F.);
#150=ORIENTED_EDGE('',*,*,#731,.F.);
#151=ORIENTED_EDGE('',*,*,#719,.T.);
#152=ORIENTED_EDGE('',*,*,#689,.F.);
#153=ORIENTED_EDGE('',*,*,#712,.F.);
#154=ORIENTED_EDGE('',*,*,#732,.T.);
#155=ORIENTED_EDGE('',*,*,#730,.T.);
#156=ORIENTED_EDGE('',*,*,#733,.F.);
#157=ORIENTED_EDGE('',*,*,#720,.T.);
#158=ORIENTED_EDGE('',*,*,#731,.T.);
#159=ORIENTED_EDGE('',*,*,#732,.F.);
#160=ORIENTED_EDGE('',*,*,#711,.F.);
#161=ORIENTED_EDGE('',*,*,#692,.F.);
#162=ORIENTED_EDGE('',*,*,#718,.F.);
#163=ORIENTED_EDGE('',*,*,#734,.T.);
#164=ORIENTED_EDGE('',*,*,#735,.T.);
#165=ORIENTED_EDGE('',*,*,#693,.T.);
#166=ORIENTED_EDGE('',*,*,#735,.F.);
#167=ORIENTED_EDGE('',*,*,#736,.F.);
#168=ORIENTED_EDGE('',*,*,#724,.T.);
#169=ORIENTED_EDGE('',*,*,#737,.F.);
#170=ORIENTED_EDGE('',*,*,#734,.F.);
#171=ORIENTED_EDGE('',*,*,#717,.T.);
#172=ORIENTED_EDGE('',*,*,#725,.T.);
#173=ORIENTED_EDGE('',*,*,#736,.T.);
#174=ORIENTED_EDGE('',*,*,#738,.F.);
#175=ORIENTED_EDGE('',*,*,#737,.T.);
#176=ORIENTED_EDGE('',*,*,#738,.T.);
#177=ORIENTED_EDGE('',*,*,#739,.F.);
#178=ORIENTED_EDGE('',*,*,#733,.T.);
#179=ORIENTED_EDGE('',*,*,#739,.T.);
#180=ORIENTED_EDGE('',*,*,#700,.F.);
#181=ORIENTED_EDGE('',*,*,#715,.F.);
#182=ORIENTED_EDGE('',*,*,#740,.T.);
#183=ORIENTED_EDGE('',*,*,#741,.T.);
#184=ORIENTED_EDGE('',*,*,#685,.T.);
#185=ORIENTED_EDGE('',*,*,#742,.F.);
#186=ORIENTED_EDGE('',*,*,#743,.T.);
#187=ORIENTED_EDGE('',*,*,#721,.T.);
#188=ORIENTED_EDGE('',*,*,#709,.T.);
#189=ORIENTED_EDGE('',*,*,#699,.F.);
#190=ORIENTED_EDGE('',*,*,#695,.T.);
#191=ORIENTED_EDGE('',*,*,#729,.F.);
#192=ORIENTED_EDGE('',*,*,#706,.F.);
#193=ORIENTED_EDGE('',*,*,#726,.T.);
#194=ORIENTED_EDGE('',*,*,#686,.F.);
#195=ORIENTED_EDGE('',*,*,#741,.F.);
#196=ORIENTED_EDGE('',*,*,#744,.T.);
#197=ORIENTED_EDGE('',*,*,#745,.T.);
#198=ORIENTED_EDGE('',*,*,#687,.T.);
#199=ORIENTED_EDGE('',*,*,#745,.F.);
#200=ORIENTED_EDGE('',*,*,#746,.F.);
#201=ORIENTED_EDGE('',*,*,#713,.T.);
#202=ORIENTED_EDGE('',*,*,#747,.T.);
#203=ORIENTED_EDGE('',*,*,#740,.F.);
#204=ORIENTED_EDGE('',*,*,#714,.T.);
#205=ORIENTED_EDGE('',*,*,#746,.T.);
#206=ORIENTED_EDGE('',*,*,#744,.F.);
#207=ORIENTED_EDGE('',*,*,#684,.T.);
#208=ORIENTED_EDGE('',*,*,#748,.F.);
#209=ORIENTED_EDGE('',*,*,#749,.F.);
#210=ORIENTED_EDGE('',*,*,#742,.T.);
#211=ORIENTED_EDGE('',*,*,#683,.F.);
#212=ORIENTED_EDGE('',*,*,#723,.F.);
#213=ORIENTED_EDGE('',*,*,#750,.T.);
#214=ORIENTED_EDGE('',*,*,#748,.T.);
#215=ORIENTED_EDGE('',*,*,#751,.T.);
#216=ORIENTED_EDGE('',*,*,#749,.T.);
#217=ORIENTED_EDGE('',*,*,#750,.F.);
#218=ORIENTED_EDGE('',*,*,#722,.F.);
#219=ORIENTED_EDGE('',*,*,#743,.F.);
#220=ORIENTED_EDGE('',*,*,#752,.T.);
#221=ORIENTED_EDGE('',*,*,#751,.F.);
#222=ORIENTED_EDGE('',*,*,#752,.F.);
#223=ORIENTED_EDGE('',*,*,#753,.T.);
#224=ORIENTED_EDGE('',*,*,#747,.F.);
#225=ORIENTED_EDGE('',*,*,#753,.F.);
#226=ORIENTED_EDGE('',*,*,#754,.F.);
#227=ORIENTED_EDGE('',*,*,#755,.T.);
#228=ORIENTED_EDGE('',*,*,#756,.F.);
#229=ORIENTED_EDGE('',*,*,#757,.T.);
#230=ORIENTED_EDGE('',*,*,#758,.T.);
#231=ORIENTED_EDGE('',*,*,#759,.F.);
#232=ORIENTED_EDGE('',*,*,#760,.T.);
#233=ORIENTED_EDGE('',*,*,#761,.T.);
#234=ORIENTED_EDGE('',*,*,#762,.F.);
#235=ORIENTED_EDGE('',*,*,#763,.F.);
#236=ORIENTED_EDGE('',*,*,#764,.T.);
#237=ORIENTED_EDGE('',*,*,#765,.F.);
#238=ORIENTED_EDGE('',*,*,#766,.F.);
#239=ORIENTED_EDGE('',*,*,#767,.T.);
#240=ORIENTED_EDGE('',*,*,#768,.T.);
#241=ORIENTED_EDGE('',*,*,#769,.F.);
#242=ORIENTED_EDGE('',*,*,#770,.F.);
#243=ORIENTED_EDGE('',*,*,#771,.T.);
#244=ORIENTED_EDGE('',*,*,#772,.T.);
#245=ORIENTED_EDGE('',*,*,#773,.F.);
#246=ORIENTED_EDGE('',*,*,#774,.F.);
#247=ORIENTED_EDGE('',*,*,#775,.T.);
#248=ORIENTED_EDGE('',*,*,#776,.T.);
#249=ORIENTED_EDGE('',*,*,#777,.F.);
#250=ORIENTED_EDGE('',*,*,#778,.F.);
#251=ORIENTED_EDGE('',*,*,#779,.T.);
#252=ORIENTED_EDGE('',*,*,#780,.T.);
#253=ORIENTED_EDGE('',*,*,#781,.F.);
#254=ORIENTED_EDGE('',*,*,#782,.T.);
#255=ORIENTED_EDGE('',*,*,#783,.F.);
#256=ORIENTED_EDGE('',*,*,#784,.F.);
#257=ORIENTED_EDGE('',*,*,#785,.T.);
#258=ORIENTED_EDGE('',*,*,#786,.F.);
#259=ORIENTED_EDGE('',*,*,#787,.T.);
#260=ORIENTED_EDGE('',*,*,#788,.T.);
#261=ORIENTED_EDGE('',*,*,#789,.F.);
#262=ORIENTED_EDGE('',*,*,#778,.T.);
#263=ORIENTED_EDGE('',*,*,#790,.F.);
#264=ORIENTED_EDGE('',*,*,#791,.F.);
#265=ORIENTED_EDGE('',*,*,#792,.T.);
#266=ORIENTED_EDGE('',*,*,#757,.F.);
#267=ORIENTED_EDGE('',*,*,#793,.F.);
#268=ORIENTED_EDGE('',*,*,#794,.F.);
#269=ORIENTED_EDGE('',*,*,#795,.T.);
#270=ORIENTED_EDGE('',*,*,#781,.T.);
#271=ORIENTED_EDGE('',*,*,#796,.F.);
#272=ORIENTED_EDGE('',*,*,#797,.F.);
#273=ORIENTED_EDGE('',*,*,#798,.T.);
#274=ORIENTED_EDGE('',*,*,#760,.F.);
#275=ORIENTED_EDGE('',*,*,#799,.F.);
#276=ORIENTED_EDGE('',*,*,#800,.F.);
#277=ORIENTED_EDGE('',*,*,#790,.T.);
#278=ORIENTED_EDGE('',*,*,#782,.F.);
#279=ORIENTED_EDGE('',*,*,#801,.T.);
#280=ORIENTED_EDGE('',*,*,#780,.F.);
#281=ORIENTED_EDGE('',*,*,#802,.F.);
#282=ORIENTED_EDGE('',*,*,#803,.T.);
#283=ORIENTED_EDGE('',*,*,#804,.T.);
#284=ORIENTED_EDGE('',*,*,#763,.T.);
#285=ORIENTED_EDGE('',*,*,#805,.F.);
#286=ORIENTED_EDGE('',*,*,#806,.T.);
#287=ORIENTED_EDGE('',*,*,#796,.T.);
#288=ORIENTED_EDGE('',*,*,#783,.T.);
#289=ORIENTED_EDGE('',*,*,#807,.F.);
#290=ORIENTED_EDGE('',*,*,#779,.F.);
#291=ORIENTED_EDGE('',*,*,#795,.F.);
#292=ORIENTED_EDGE('',*,*,#808,.T.);
#293=ORIENTED_EDGE('',*,*,#809,.T.);
#294=ORIENTED_EDGE('',*,*,#754,.T.);
#295=ORIENTED_EDGE('',*,*,#810,.F.);
#296=ORIENTED_EDGE('',*,*,#811,.T.);
#297=ORIENTED_EDGE('',*,*,#802,.T.);
#298=ORIENTED_EDGE('',*,*,#784,.T.);
#299=ORIENTED_EDGE('',*,*,#812,.F.);
#300=ORIENTED_EDGE('',*,*,#785,.F.);
#301=ORIENTED_EDGE('',*,*,#813,.T.);
#302=ORIENTED_EDGE('',*,*,#758,.F.);
#303=ORIENTED_EDGE('',*,*,#792,.F.);
#304=ORIENTED_EDGE('',*,*,#814,.T.);
#305=ORIENTED_EDGE('',*,*,#815,.T.);
#306=ORIENTED_EDGE('',*,*,#759,.T.);
#307=ORIENTED_EDGE('',*,*,#815,.F.);
#308=ORIENTED_EDGE('',*,*,#816,.F.);
#309=ORIENTED_EDGE('',*,*,#799,.T.);
#310=ORIENTED_EDGE('',*,*,#814,.F.);
#311=ORIENTED_EDGE('',*,*,#791,.T.);
#312=ORIENTED_EDGE('',*,*,#800,.T.);
#313=ORIENTED_EDGE('',*,*,#816,.T.);
#314=ORIENTED_EDGE('',*,*,#807,.T.);
#315=ORIENTED_EDGE('',*,*,#761,.F.);
#316=ORIENTED_EDGE('',*,*,#798,.F.);
#317=ORIENTED_EDGE('',*,*,#817,.T.);
#318=ORIENTED_EDGE('',*,*,#818,.T.);
#319=ORIENTED_EDGE('',*,*,#762,.T.);
#320=ORIENTED_EDGE('',*,*,#818,.F.);
#321=ORIENTED_EDGE('',*,*,#819,.F.);
#322=ORIENTED_EDGE('',*,*,#805,.T.);
#323=ORIENTED_EDGE('',*,*,#817,.F.);
#324=ORIENTED_EDGE('',*,*,#797,.T.);
#325=ORIENTED_EDGE('',*,*,#806,.F.);
#326=ORIENTED_EDGE('',*,*,#819,.T.);
#327=ORIENTED_EDGE('',*,*,#801,.F.);
#328=ORIENTED_EDGE('',*,*,#764,.F.);
#329=ORIENTED_EDGE('',*,*,#804,.F.);
#330=ORIENTED_EDGE('',*,*,#820,.T.);
#331=ORIENTED_EDGE('',*,*,#821,.T.);
#332=ORIENTED_EDGE('',*,*,#765,.T.);
#333=ORIENTED_EDGE('',*,*,#821,.F.);
#334=ORIENTED_EDGE('',*,*,#822,.F.);
#335=ORIENTED_EDGE('',*,*,#810,.T.);
#336=ORIENTED_EDGE('',*,*,#820,.F.);
#337=ORIENTED_EDGE('',*,*,#803,.F.);
#338=ORIENTED_EDGE('',*,*,#811,.F.);
#339=ORIENTED_EDGE('',*,*,#822,.T.);
#340=ORIENTED_EDGE('',*,*,#812,.T.);
#341=ORIENTED_EDGE('',*,*,#756,.T.);
#342=ORIENTED_EDGE('',*,*,#823,.F.);
#343=ORIENTED_EDGE('',*,*,#824,.F.);
#344=ORIENTED_EDGE('',*,*,#793,.T.);
#345=ORIENTED_EDGE('',*,*,#755,.F.);
#346=ORIENTED_EDGE('',*,*,#809,.F.);
#347=ORIENTED_EDGE('',*,*,#825,.T.);
#348=ORIENTED_EDGE('',*,*,#823,.T.);
#349=ORIENTED_EDGE('',*,*,#813,.F.);
#350=ORIENTED_EDGE('',*,*,#794,.T.);
#351=ORIENTED_EDGE('',*,*,#824,.T.);
#352=ORIENTED_EDGE('',*,*,#825,.F.);
#353=ORIENTED_EDGE('',*,*,#808,.F.);
#354=ORIENTED_EDGE('',*,*,#774,.T.);
#355=ORIENTED_EDGE('',*,*,#826,.T.);
#356=ORIENTED_EDGE('',*,*,#767,.F.);
#357=ORIENTED_EDGE('',*,*,#827,.F.);
#358=ORIENTED_EDGE('',*,*,#827,.T.);
#359=ORIENTED_EDGE('',*,*,#766,.T.);
#360=ORIENTED_EDGE('',*,*,#828,.F.);
#361=ORIENTED_EDGE('',*,*,#775,.F.);
#362=ORIENTED_EDGE('',*,*,#828,.T.);
#363=ORIENTED_EDGE('',*,*,#769,.T.);
#364=ORIENTED_EDGE('',*,*,#829,.F.);
#365=ORIENTED_EDGE('',*,*,#776,.F.);
#366=ORIENTED_EDGE('',*,*,#777,.T.);
#367=ORIENTED_EDGE('',*,*,#829,.T.);
#368=ORIENTED_EDGE('',*,*,#768,.F.);
#369=ORIENTED_EDGE('',*,*,#826,.F.);
#370=ORIENTED_EDGE('',*,*,#786,.T.);
#371=ORIENTED_EDGE('',*,*,#830,.T.);
#372=ORIENTED_EDGE('',*,*,#771,.F.);
#373=ORIENTED_EDGE('',*,*,#831,.F.);
#374=ORIENTED_EDGE('',*,*,#831,.T.);
#375=ORIENTED_EDGE('',*,*,#770,.T.);
#376=ORIENTED_EDGE('',*,*,#832,.F.);
#377=ORIENTED_EDGE('',*,*,#787,.F.);
#378=ORIENTED_EDGE('',*,*,#832,.T.);
#379=ORIENTED_EDGE('',*,*,#773,.T.);
#380=ORIENTED_EDGE('',*,*,#833,.F.);
#381=ORIENTED_EDGE('',*,*,#788,.F.);
#382=ORIENTED_EDGE('',*,*,#789,.T.);
#383=ORIENTED_EDGE('',*,*,#833,.T.);
#384=ORIENTED_EDGE('',*,*,#772,.F.);
#385=ORIENTED_EDGE('',*,*,#830,.F.);
#386=ORIENTED_EDGE('',*,*,#834,.T.);
#387=ORIENTED_EDGE('',*,*,#835,.T.);
#388=ORIENTED_EDGE('',*,*,#836,.F.);
#389=ORIENTED_EDGE('',*,*,#837,.F.);
#390=ORIENTED_EDGE('',*,*,#838,.T.);
#391=ORIENTED_EDGE('',*,*,#839,.F.);
#392=ORIENTED_EDGE('',*,*,#840,.F.);
#393=ORIENTED_EDGE('',*,*,#841,.T.);
#394=ORIENTED_EDGE('',*,*,#842,.T.);
#395=ORIENTED_EDGE('',*,*,#843,.F.);
#396=ORIENTED_EDGE('',*,*,#844,.T.);
#397=ORIENTED_EDGE('',*,*,#845,.T.);
#398=ORIENTED_EDGE('',*,*,#846,.F.);
#399=ORIENTED_EDGE('',*,*,#847,.T.);
#400=ORIENTED_EDGE('',*,*,#848,.T.);
#401=ORIENTED_EDGE('',*,*,#849,.F.);
#402=ORIENTED_EDGE('',*,*,#850,.F.);
#403=ORIENTED_EDGE('',*,*,#851,.T.);
#404=ORIENTED_EDGE('',*,*,#852,.F.);
#405=ORIENTED_EDGE('',*,*,#853,.F.);
#406=ORIENTED_EDGE('',*,*,#854,.F.);
#407=ORIENTED_EDGE('',*,*,#855,.T.);
#408=ORIENTED_EDGE('',*,*,#853,.T.);
#409=ORIENTED_EDGE('',*,*,#856,.F.);
#410=ORIENTED_EDGE('',*,*,#857,.T.);
#411=ORIENTED_EDGE('',*,*,#858,.T.);
#412=ORIENTED_EDGE('',*,*,#859,.T.);
#413=ORIENTED_EDGE('',*,*,#860,.F.);
#414=ORIENTED_EDGE('',*,*,#861,.T.);
#415=ORIENTED_EDGE('',*,*,#862,.F.);
#416=ORIENTED_EDGE('',*,*,#863,.F.);
#417=ORIENTED_EDGE('',*,*,#864,.T.);
#418=ORIENTED_EDGE('',*,*,#834,.F.);
#419=ORIENTED_EDGE('',*,*,#855,.F.);
#420=ORIENTED_EDGE('',*,*,#865,.F.);
#421=ORIENTED_EDGE('',*,*,#866,.F.);
#422=ORIENTED_EDGE('',*,*,#867,.F.);
#423=ORIENTED_EDGE('',*,*,#868,.T.);
#424=ORIENTED_EDGE('',*,*,#869,.T.);
#425=ORIENTED_EDGE('',*,*,#857,.F.);
#426=ORIENTED_EDGE('',*,*,#870,.F.);
#427=ORIENTED_EDGE('',*,*,#871,.F.);
#428=ORIENTED_EDGE('',*,*,#872,.T.);
#429=ORIENTED_EDGE('',*,*,#873,.T.);
#430=ORIENTED_EDGE('',*,*,#874,.T.);
#431=ORIENTED_EDGE('',*,*,#875,.T.);
#432=ORIENTED_EDGE('',*,*,#850,.T.);
#433=ORIENTED_EDGE('',*,*,#876,.F.);
#434=ORIENTED_EDGE('',*,*,#877,.T.);
#435=ORIENTED_EDGE('',*,*,#878,.T.);
#436=ORIENTED_EDGE('',*,*,#879,.F.);
#437=ORIENTED_EDGE('',*,*,#880,.F.);
#438=ORIENTED_EDGE('',*,*,#881,.F.);
#439=ORIENTED_EDGE('',*,*,#882,.T.);
#440=ORIENTED_EDGE('',*,*,#837,.T.);
#441=ORIENTED_EDGE('',*,*,#883,.F.);
#442=ORIENTED_EDGE('',*,*,#884,.T.);
#443=ORIENTED_EDGE('',*,*,#862,.T.);
#444=ORIENTED_EDGE('',*,*,#885,.F.);
#445=ORIENTED_EDGE('',*,*,#886,.T.);
#446=ORIENTED_EDGE('',*,*,#879,.T.);
#447=ORIENTED_EDGE('',*,*,#861,.F.);
#448=ORIENTED_EDGE('',*,*,#859,.F.);
#449=ORIENTED_EDGE('',*,*,#887,.T.);
#450=ORIENTED_EDGE('',*,*,#888,.F.);
#451=ORIENTED_EDGE('',*,*,#889,.T.);
#452=ORIENTED_EDGE('',*,*,#890,.T.);
#453=ORIENTED_EDGE('',*,*,#891,.F.);
#454=ORIENTED_EDGE('',*,*,#888,.T.);
#455=ORIENTED_EDGE('',*,*,#892,.T.);
#456=ORIENTED_EDGE('',*,*,#868,.F.);
#457=ORIENTED_EDGE('',*,*,#893,.T.);
#458=ORIENTED_EDGE('',*,*,#852,.T.);
#459=ORIENTED_EDGE('',*,*,#894,.F.);
#460=ORIENTED_EDGE('',*,*,#895,.F.);
#461=ORIENTED_EDGE('',*,*,#896,.F.);
#462=ORIENTED_EDGE('',*,*,#897,.F.);
#463=ORIENTED_EDGE('',*,*,#898,.T.);
#464=ORIENTED_EDGE('',*,*,#899,.T.);
#465=ORIENTED_EDGE('',*,*,#856,.T.);
#466=ORIENTED_EDGE('',*,*,#900,.F.);
#467=ORIENTED_EDGE('',*,*,#889,.F.);
#468=ORIENTED_EDGE('',*,*,#893,.F.);
#469=ORIENTED_EDGE('',*,*,#867,.T.);
#470=ORIENTED_EDGE('',*,*,#901,.T.);
#471=ORIENTED_EDGE('',*,*,#897,.T.);
#472=ORIENTED_EDGE('',*,*,#902,.F.);
#473=ORIENTED_EDGE('',*,*,#872,.F.);
#474=ORIENTED_EDGE('',*,*,#903,.T.);
#475=ORIENTED_EDGE('',*,*,#904,.T.);
#476=ORIENTED_EDGE('',*,*,#869,.F.);
#477=ORIENTED_EDGE('',*,*,#892,.F.);
#478=ORIENTED_EDGE('',*,*,#887,.F.);
#479=ORIENTED_EDGE('',*,*,#858,.F.);
#480=ORIENTED_EDGE('',*,*,#905,.T.);
#481=ORIENTED_EDGE('',*,*,#854,.T.);
#482=ORIENTED_EDGE('',*,*,#899,.F.);
#483=ORIENTED_EDGE('',*,*,#906,.F.);
#484=ORIENTED_EDGE('',*,*,#865,.T.);
#485=ORIENTED_EDGE('',*,*,#866,.T.);
#486=ORIENTED_EDGE('',*,*,#906,.T.);
#487=ORIENTED_EDGE('',*,*,#898,.F.);
#488=ORIENTED_EDGE('',*,*,#901,.F.);
#489=ORIENTED_EDGE('',*,*,#905,.F.);
#490=ORIENTED_EDGE('',*,*,#900,.T.);
#491=ORIENTED_EDGE('',*,*,#836,.T.);
#492=ORIENTED_EDGE('',*,*,#907,.F.);
#493=ORIENTED_EDGE('',*,*,#908,.F.);
#494=ORIENTED_EDGE('',*,*,#883,.T.);
#495=ORIENTED_EDGE('',*,*,#835,.F.);
#496=ORIENTED_EDGE('',*,*,#864,.F.);
#497=ORIENTED_EDGE('',*,*,#909,.T.);
#498=ORIENTED_EDGE('',*,*,#907,.T.);
#499=ORIENTED_EDGE('',*,*,#910,.F.);
#500=ORIENTED_EDGE('',*,*,#884,.F.);
#501=ORIENTED_EDGE('',*,*,#908,.T.);
#502=ORIENTED_EDGE('',*,*,#909,.F.);
#503=ORIENTED_EDGE('',*,*,#863,.T.);
#504=ORIENTED_EDGE('',*,*,#911,.F.);
#505=ORIENTED_EDGE('',*,*,#910,.T.);
#506=ORIENTED_EDGE('',*,*,#911,.T.);
#507=ORIENTED_EDGE('',*,*,#912,.T.);
#508=ORIENTED_EDGE('',*,*,#894,.T.);
#509=ORIENTED_EDGE('',*,*,#851,.F.);
#510=ORIENTED_EDGE('',*,*,#875,.F.);
#511=ORIENTED_EDGE('',*,*,#885,.T.);
#512=ORIENTED_EDGE('',*,*,#878,.F.);
#513=ORIENTED_EDGE('',*,*,#913,.F.);
#514=ORIENTED_EDGE('',*,*,#914,.T.);
#515=ORIENTED_EDGE('',*,*,#847,.F.);
#516=ORIENTED_EDGE('',*,*,#915,.F.);
#517=ORIENTED_EDGE('',*,*,#916,.T.);
#518=ORIENTED_EDGE('',*,*,#917,.T.);
#519=ORIENTED_EDGE('',*,*,#890,.F.);
#520=ORIENTED_EDGE('',*,*,#903,.F.);
#521=ORIENTED_EDGE('',*,*,#871,.T.);
#522=ORIENTED_EDGE('',*,*,#918,.F.);
#523=ORIENTED_EDGE('',*,*,#870,.T.);
#524=ORIENTED_EDGE('',*,*,#860,.T.);
#525=ORIENTED_EDGE('',*,*,#891,.T.);
#526=ORIENTED_EDGE('',*,*,#918,.T.);
#527=ORIENTED_EDGE('',*,*,#919,.F.);
#528=ORIENTED_EDGE('',*,*,#912,.F.);
#529=ORIENTED_EDGE('',*,*,#874,.F.);
#530=ORIENTED_EDGE('',*,*,#920,.T.);
#531=ORIENTED_EDGE('',*,*,#895,.T.);
#532=ORIENTED_EDGE('',*,*,#873,.F.);
#533=ORIENTED_EDGE('',*,*,#902,.T.);
#534=ORIENTED_EDGE('',*,*,#896,.T.);
#535=ORIENTED_EDGE('',*,*,#920,.F.);
#536=ORIENTED_EDGE('',*,*,#919,.T.);
#537=ORIENTED_EDGE('',*,*,#904,.F.);
#538=ORIENTED_EDGE('',*,*,#848,.F.);
#539=ORIENTED_EDGE('',*,*,#914,.F.);
#540=ORIENTED_EDGE('',*,*,#921,.T.);
#541=ORIENTED_EDGE('',*,*,#922,.T.);
#542=ORIENTED_EDGE('',*,*,#849,.T.);
#543=ORIENTED_EDGE('',*,*,#922,.F.);
#544=ORIENTED_EDGE('',*,*,#923,.F.);
#545=ORIENTED_EDGE('',*,*,#876,.T.);
#546=ORIENTED_EDGE('',*,*,#924,.T.);
#547=ORIENTED_EDGE('',*,*,#913,.T.);
#548=ORIENTED_EDGE('',*,*,#877,.F.);
#549=ORIENTED_EDGE('',*,*,#923,.T.);
#550=ORIENTED_EDGE('',*,*,#921,.F.);
#551=ORIENTED_EDGE('',*,*,#925,.T.);
#552=ORIENTED_EDGE('',*,*,#924,.F.);
#553=ORIENTED_EDGE('',*,*,#925,.F.);
#554=ORIENTED_EDGE('',*,*,#926,.T.);
#555=ORIENTED_EDGE('',*,*,#927,.T.);
#556=ORIENTED_EDGE('',*,*,#841,.F.);
#557=ORIENTED_EDGE('',*,*,#928,.F.);
#558=ORIENTED_EDGE('',*,*,#929,.F.);
#559=ORIENTED_EDGE('',*,*,#930,.T.);
#560=ORIENTED_EDGE('',*,*,#931,.F.);
#561=ORIENTED_EDGE('',*,*,#932,.F.);
#562=ORIENTED_EDGE('',*,*,#886,.F.);
#563=ORIENTED_EDGE('',*,*,#917,.F.);
#564=ORIENTED_EDGE('',*,*,#933,.F.);
#565=ORIENTED_EDGE('',*,*,#934,.T.);
#566=ORIENTED_EDGE('',*,*,#844,.F.);
#567=ORIENTED_EDGE('',*,*,#935,.F.);
#568=ORIENTED_EDGE('',*,*,#936,.F.);
#569=ORIENTED_EDGE('',*,*,#937,.F.);
#570=ORIENTED_EDGE('',*,*,#938,.F.);
#571=ORIENTED_EDGE('',*,*,#939,.T.);
#572=ORIENTED_EDGE('',*,*,#940,.T.);
#573=ORIENTED_EDGE('',*,*,#929,.T.);
#574=ORIENTED_EDGE('',*,*,#941,.F.);
#575=ORIENTED_EDGE('',*,*,#942,.F.);
#576=ORIENTED_EDGE('',*,*,#943,.T.);
#577=ORIENTED_EDGE('',*,*,#944,.T.);
#578=ORIENTED_EDGE('',*,*,#945,.T.);
#579=ORIENTED_EDGE('',*,*,#928,.T.);
#580=ORIENTED_EDGE('',*,*,#840,.T.);
#581=ORIENTED_EDGE('',*,*,#946,.F.);
#582=ORIENTED_EDGE('',*,*,#947,.T.);
#583=ORIENTED_EDGE('',*,*,#880,.T.);
#584=ORIENTED_EDGE('',*,*,#931,.T.);
#585=ORIENTED_EDGE('',*,*,#948,.T.);
#586=ORIENTED_EDGE('',*,*,#949,.F.);
#587=ORIENTED_EDGE('',*,*,#950,.F.);
#588=ORIENTED_EDGE('',*,*,#951,.T.);
#589=ORIENTED_EDGE('',*,*,#952,.F.);
#590=ORIENTED_EDGE('',*,*,#951,.F.);
#591=ORIENTED_EDGE('',*,*,#953,.F.);
#592=ORIENTED_EDGE('',*,*,#942,.T.);
#593=ORIENTED_EDGE('',*,*,#954,.F.);
#594=ORIENTED_EDGE('',*,*,#842,.F.);
#595=ORIENTED_EDGE('',*,*,#927,.F.);
#596=ORIENTED_EDGE('',*,*,#955,.F.);
#597=ORIENTED_EDGE('',*,*,#956,.F.);
#598=ORIENTED_EDGE('',*,*,#957,.T.);
#599=ORIENTED_EDGE('',*,*,#958,.T.);
#600=ORIENTED_EDGE('',*,*,#959,.T.);
#601=ORIENTED_EDGE('',*,*,#960,.T.);
#602=ORIENTED_EDGE('',*,*,#961,.T.);
#603=ORIENTED_EDGE('',*,*,#950,.T.);
#604=ORIENTED_EDGE('',*,*,#962,.F.);
#605=ORIENTED_EDGE('',*,*,#938,.T.);
#606=ORIENTED_EDGE('',*,*,#963,.T.);
#607=ORIENTED_EDGE('',*,*,#957,.F.);
#608=ORIENTED_EDGE('',*,*,#964,.F.);
#609=ORIENTED_EDGE('',*,*,#943,.F.);
#610=ORIENTED_EDGE('',*,*,#953,.T.);
#611=ORIENTED_EDGE('',*,*,#965,.F.);
#612=ORIENTED_EDGE('',*,*,#941,.T.);
#613=ORIENTED_EDGE('',*,*,#932,.T.);
#614=ORIENTED_EDGE('',*,*,#952,.T.);
#615=ORIENTED_EDGE('',*,*,#954,.T.);
#616=ORIENTED_EDGE('',*,*,#966,.F.);
#617=ORIENTED_EDGE('',*,*,#926,.F.);
#618=ORIENTED_EDGE('',*,*,#945,.F.);
#619=ORIENTED_EDGE('',*,*,#967,.T.);
#620=ORIENTED_EDGE('',*,*,#955,.T.);
#621=ORIENTED_EDGE('',*,*,#944,.F.);
#622=ORIENTED_EDGE('',*,*,#964,.T.);
#623=ORIENTED_EDGE('',*,*,#956,.T.);
#624=ORIENTED_EDGE('',*,*,#967,.F.);
#625=ORIENTED_EDGE('',*,*,#966,.T.);
#626=ORIENTED_EDGE('',*,*,#961,.F.);
#627=ORIENTED_EDGE('',*,*,#838,.F.);
#628=ORIENTED_EDGE('',*,*,#882,.F.);
#629=ORIENTED_EDGE('',*,*,#968,.T.);
#630=ORIENTED_EDGE('',*,*,#969,.T.);
#631=ORIENTED_EDGE('',*,*,#839,.T.);
#632=ORIENTED_EDGE('',*,*,#969,.F.);
#633=ORIENTED_EDGE('',*,*,#970,.F.);
#634=ORIENTED_EDGE('',*,*,#946,.T.);
#635=ORIENTED_EDGE('',*,*,#971,.T.);
#636=ORIENTED_EDGE('',*,*,#881,.T.);
#637=ORIENTED_EDGE('',*,*,#947,.F.);
#638=ORIENTED_EDGE('',*,*,#970,.T.);
#639=ORIENTED_EDGE('',*,*,#968,.F.);
#640=ORIENTED_EDGE('',*,*,#972,.T.);
#641=ORIENTED_EDGE('',*,*,#971,.F.);
#642=ORIENTED_EDGE('',*,*,#972,.F.);
#643=ORIENTED_EDGE('',*,*,#973,.F.);
#644=ORIENTED_EDGE('',*,*,#935,.T.);
#645=ORIENTED_EDGE('',*,*,#843,.T.);
#646=ORIENTED_EDGE('',*,*,#960,.F.);
#647=ORIENTED_EDGE('',*,*,#949,.T.);
#648=ORIENTED_EDGE('',*,*,#974,.T.);
#649=ORIENTED_EDGE('',*,*,#939,.F.);
#650=ORIENTED_EDGE('',*,*,#962,.T.);
#651=ORIENTED_EDGE('',*,*,#940,.F.);
#652=ORIENTED_EDGE('',*,*,#974,.F.);
#653=ORIENTED_EDGE('',*,*,#948,.F.);
#654=ORIENTED_EDGE('',*,*,#930,.F.);
#655=ORIENTED_EDGE('',*,*,#975,.T.);
#656=ORIENTED_EDGE('',*,*,#973,.T.);
#657=ORIENTED_EDGE('',*,*,#959,.F.);
#658=ORIENTED_EDGE('',*,*,#976,.F.);
#659=ORIENTED_EDGE('',*,*,#936,.T.);
#660=ORIENTED_EDGE('',*,*,#937,.T.);
#661=ORIENTED_EDGE('',*,*,#976,.T.);
#662=ORIENTED_EDGE('',*,*,#958,.F.);
#663=ORIENTED_EDGE('',*,*,#963,.F.);
#664=ORIENTED_EDGE('',*,*,#975,.F.);
#665=ORIENTED_EDGE('',*,*,#965,.T.);
#666=ORIENTED_EDGE('',*,*,#846,.T.);
#667=ORIENTED_EDGE('',*,*,#977,.F.);
#668=ORIENTED_EDGE('',*,*,#978,.F.);
#669=ORIENTED_EDGE('',*,*,#915,.T.);
#670=ORIENTED_EDGE('',*,*,#845,.F.);
#671=ORIENTED_EDGE('',*,*,#934,.F.);
#672=ORIENTED_EDGE('',*,*,#979,.T.);
#673=ORIENTED_EDGE('',*,*,#977,.T.);
#674=ORIENTED_EDGE('',*,*,#980,.F.);
#675=ORIENTED_EDGE('',*,*,#916,.F.);
#676=ORIENTED_EDGE('',*,*,#978,.T.);
#677=ORIENTED_EDGE('',*,*,#979,.F.);
#678=ORIENTED_EDGE('',*,*,#933,.T.);
#679=ORIENTED_EDGE('',*,*,#981,.F.);
#680=ORIENTED_EDGE('',*,*,#980,.T.);
#681=ORIENTED_EDGE('',*,*,#981,.T.);
#682=EDGE_CURVE('',#982,#983,#1194,.T.);
#683=EDGE_CURVE('',#983,#984,#1195,.T.);
#684=EDGE_CURVE('',#985,#984,#1196,.T.);
#685=EDGE_CURVE('',#986,#985,#1197,.T.);
#686=EDGE_CURVE('',#986,#987,#1198,.T.);
#687=EDGE_CURVE('',#988,#987,#1199,.T.);
#688=EDGE_CURVE('',#989,#988,#1200,.T.);
#689=EDGE_CURVE('',#989,#990,#1201,.T.);
#690=EDGE_CURVE('',#991,#990,#1202,.T.);
#691=EDGE_CURVE('',#991,#992,#1203,.T.);
#692=EDGE_CURVE('',#992,#993,#1204,.T.);
#693=EDGE_CURVE('',#982,#993,#1205,.T.);
#694=EDGE_CURVE('',#994,#994,#38,.T.);
#695=EDGE_CURVE('',#995,#996,#1206,.T.);
#696=EDGE_CURVE('',#995,#997,#1207,.T.);
#697=EDGE_CURVE('',#997,#998,#1208,.T.);
#698=EDGE_CURVE('',#996,#998,#1209,.T.);
#699=EDGE_CURVE('',#999,#999,#39,.T.);
#700=EDGE_CURVE('',#1000,#1001,#1210,.T.);
#701=EDGE_CURVE('',#1002,#1001,#1211,.T.);
#702=EDGE_CURVE('',#1003,#1002,#1212,.T.);
#703=EDGE_CURVE('',#1003,#1000,#1213,.T.);
#704=EDGE_CURVE('',#1004,#1004,#40,.T.);
#705=EDGE_CURVE('',#1005,#1006,#1214,.T.);
#706=EDGE_CURVE('',#1005,#1007,#1215,.T.);
#707=EDGE_CURVE('',#1007,#1008,#1216,.T.);
#708=EDGE_CURVE('',#1006,#1008,#1217,.T.);
#709=EDGE_CURVE('',#1009,#1009,#41,.T.);
#710=EDGE_CURVE('',#1010,#1003,#1218,.T.);
#711=EDGE_CURVE('',#1010,#1011,#1219,.T.);
#712=EDGE_CURVE('',#1011,#989,#1220,.T.);
#713=EDGE_CURVE('',#1012,#988,#1221,.T.);
#714=EDGE_CURVE('',#1013,#1012,#1222,.T.);
#715=EDGE_CURVE('',#1013,#1000,#1223,.T.);
#716=EDGE_CURVE('',#1014,#1002,#1224,.T.);
#717=EDGE_CURVE('',#1015,#1014,#1225,.T.);
#718=EDGE_CURVE('',#1015,#992,#1226,.T.);
#719=EDGE_CURVE('',#1016,#991,#1227,.T.);
#720=EDGE_CURVE('',#1010,#1016,#1228,.T.);
#721=EDGE_CURVE('',#1017,#1001,#1229,.T.);
#722=EDGE_CURVE('',#1017,#1018,#1230,.T.);
#723=EDGE_CURVE('',#1018,#983,#1231,.T.);
#724=EDGE_CURVE('',#1019,#982,#1232,.T.);
#725=EDGE_CURVE('',#1014,#1019,#1233,.T.);
#726=EDGE_CURVE('',#1005,#995,#1234,.T.);
#727=EDGE_CURVE('',#1006,#997,#1235,.T.);
#728=EDGE_CURVE('',#1008,#998,#1236,.T.);
#729=EDGE_CURVE('',#1007,#996,#1237,.T.);
#730=EDGE_CURVE('',#1020,#990,#1238,.T.);
#731=EDGE_CURVE('',#1016,#1020,#1239,.T.);
#732=EDGE_CURVE('',#1011,#1020,#1240,.T.);
#733=EDGE_CURVE('',#1021,#1021,#42,.T.);
#734=EDGE_CURVE('',#1015,#1022,#1241,.T.);
#735=EDGE_CURVE('',#1022,#993,#1242,.T.);
#736=EDGE_CURVE('',#1019,#1022,#1243,.T.);
#737=EDGE_CURVE('',#1023,#1023,#43,.T.);
#738=EDGE_CURVE('',#1024,#1024,#44,.T.);
#739=EDGE_CURVE('',#1025,#1025,#45,.T.);
#740=EDGE_CURVE('',#1013,#1026,#1244,.T.);
#741=EDGE_CURVE('',#1026,#986,#1245,.T.);
#742=EDGE_CURVE('',#1027,#985,#1246,.T.);
#743=EDGE_CURVE('',#1027,#1017,#1247,.T.);
#744=EDGE_CURVE('',#1026,#1028,#1248,.T.);
#745=EDGE_CURVE('',#1028,#987,#1249,.T.);
#746=EDGE_CURVE('',#1012,#1028,#1250,.T.);
#747=EDGE_CURVE('',#1029,#1029,#46,.T.);
#748=EDGE_CURVE('',#1030,#984,#1251,.T.);
#749=EDGE_CURVE('',#1027,#1030,#1252,.T.);
#750=EDGE_CURVE('',#1018,#1030,#1253,.T.);
#751=EDGE_CURVE('',#1031,#1031,#47,.T.);
#752=EDGE_CURVE('',#1032,#1032,#48,.T.);
#753=EDGE_CURVE('',#1033,#1033,#49,.T.);
#754=EDGE_CURVE('',#1034,#1035,#1254,.T.);
#755=EDGE_CURVE('',#1034,#1036,#1255,.T.);
#756=EDGE_CURVE('',#1037,#1036,#1256,.T.);
#757=EDGE_CURVE('',#1037,#1038,#1257,.T.);
#758=EDGE_CURVE('',#1038,#1039,#1258,.T.);
#759=EDGE_CURVE('',#1040,#1039,#1259,.T.);
#760=EDGE_CURVE('',#1040,#1041,#1260,.T.);
#761=EDGE_CURVE('',#1041,#1042,#1261,.T.);
#762=EDGE_CURVE('',#1043,#1042,#1262,.T.);
#763=EDGE_CURVE('',#1044,#1043,#1263,.T.);
#764=EDGE_CURVE('',#1044,#1045,#1264,.T.);
#765=EDGE_CURVE('',#1035,#1045,#1265,.T.);
#766=EDGE_CURVE('',#1046,#1047,#1266,.T.);
#767=EDGE_CURVE('',#1046,#1048,#1267,.T.);
#768=EDGE_CURVE('',#1048,#1049,#1268,.T.);
#769=EDGE_CURVE('',#1047,#1049,#1269,.T.);
#770=EDGE_CURVE('',#1050,#1051,#1270,.T.);
#771=EDGE_CURVE('',#1050,#1052,#1271,.T.);
#772=EDGE_CURVE('',#1052,#1053,#1272,.T.);
#773=EDGE_CURVE('',#1051,#1053,#1273,.T.);
#774=EDGE_CURVE('',#1054,#1055,#1274,.T.);
#775=EDGE_CURVE('',#1054,#1056,#1275,.T.);
#776=EDGE_CURVE('',#1056,#1057,#1276,.T.);
#777=EDGE_CURVE('',#1055,#1057,#1277,.T.);
#778=EDGE_CURVE('',#1058,#1059,#1278,.T.);
#779=EDGE_CURVE('',#1058,#1060,#1279,.T.);
#780=EDGE_CURVE('',#1060,#1061,#1280,.T.);
#781=EDGE_CURVE('',#1059,#1061,#1281,.T.);
#782=EDGE_CURVE('',#1062,#1062,#50,.T.);
#783=EDGE_CURVE('',#1063,#1063,#51,.T.);
#784=EDGE_CURVE('',#1064,#1064,#52,.T.);
#785=EDGE_CURVE('',#1065,#1065,#53,.T.);
#786=EDGE_CURVE('',#1066,#1067,#1282,.T.);
#787=EDGE_CURVE('',#1066,#1068,#1283,.T.);
#788=EDGE_CURVE('',#1068,#1069,#1284,.T.);
#789=EDGE_CURVE('',#1067,#1069,#1285,.T.);
#790=EDGE_CURVE('',#1070,#1059,#1286,.T.);
#791=EDGE_CURVE('',#1071,#1070,#1287,.T.);
#792=EDGE_CURVE('',#1071,#1038,#1288,.T.);
#793=EDGE_CURVE('',#1072,#1037,#1289,.T.);
#794=EDGE_CURVE('',#1073,#1072,#1290,.T.);
#795=EDGE_CURVE('',#1073,#1058,#1291,.T.);
#796=EDGE_CURVE('',#1074,#1061,#1292,.T.);
#797=EDGE_CURVE('',#1075,#1074,#1293,.T.);
#798=EDGE_CURVE('',#1075,#1041,#1294,.T.);
#799=EDGE_CURVE('',#1076,#1040,#1295,.T.);
#800=EDGE_CURVE('',#1070,#1076,#1296,.T.);
#801=EDGE_CURVE('',#1077,#1077,#54,.T.);
#802=EDGE_CURVE('',#1078,#1060,#1297,.T.);
#803=EDGE_CURVE('',#1078,#1079,#1298,.T.);
#804=EDGE_CURVE('',#1079,#1044,#1299,.T.);
#805=EDGE_CURVE('',#1080,#1043,#1300,.T.);
#806=EDGE_CURVE('',#1080,#1074,#1301,.T.);
#807=EDGE_CURVE('',#1081,#1081,#55,.T.);
#808=EDGE_CURVE('',#1073,#1082,#1302,.T.);
#809=EDGE_CURVE('',#1082,#1034,#1303,.T.);
#810=EDGE_CURVE('',#1083,#1035,#1304,.T.);
#811=EDGE_CURVE('',#1083,#1078,#1305,.T.);
#812=EDGE_CURVE('',#1084,#1084,#56,.T.);
#813=EDGE_CURVE('',#1085,#1085,#57,.T.);
#814=EDGE_CURVE('',#1071,#1086,#1306,.T.);
#815=EDGE_CURVE('',#1086,#1039,#1307,.T.);
#816=EDGE_CURVE('',#1076,#1086,#1308,.T.);
#817=EDGE_CURVE('',#1075,#1087,#1309,.T.);
#818=EDGE_CURVE('',#1087,#1042,#1310,.T.);
#819=EDGE_CURVE('',#1080,#1087,#1311,.T.);
#820=EDGE_CURVE('',#1079,#1088,#1312,.T.);
#821=EDGE_CURVE('',#1088,#1045,#1313,.T.);
#822=EDGE_CURVE('',#1083,#1088,#1314,.T.);
#823=EDGE_CURVE('',#1089,#1036,#1315,.T.);
#824=EDGE_CURVE('',#1072,#1089,#1316,.T.);
#825=EDGE_CURVE('',#1082,#1089,#1317,.T.);
#826=EDGE_CURVE('',#1055,#1048,#1318,.T.);
#827=EDGE_CURVE('',#1054,#1046,#1319,.T.);
#828=EDGE_CURVE('',#1056,#1047,#1320,.T.);
#829=EDGE_CURVE('',#1057,#1049,#1321,.T.);
#830=EDGE_CURVE('',#1067,#1052,#1322,.T.);
#831=EDGE_CURVE('',#1066,#1050,#1323,.T.);
#832=EDGE_CURVE('',#1068,#1051,#1324,.T.);
#833=EDGE_CURVE('',#1069,#1053,#1325,.T.);
#834=EDGE_CURVE('',#1090,#1091,#1326,.T.);
#835=EDGE_CURVE('',#1091,#1092,#1327,.T.);
#836=EDGE_CURVE('',#1093,#1092,#1328,.T.);
#837=EDGE_CURVE('',#1094,#1093,#1329,.T.);
#838=EDGE_CURVE('',#1094,#1095,#1330,.T.);
#839=EDGE_CURVE('',#1096,#1095,#1331,.T.);
#840=EDGE_CURVE('',#1097,#1096,#1332,.T.);
#841=EDGE_CURVE('',#1097,#1098,#1333,.T.);
#842=EDGE_CURVE('',#1098,#1099,#1334,.T.);
#843=EDGE_CURVE('',#1100,#1099,#1335,.T.);
#844=EDGE_CURVE('',#1100,#1101,#1336,.T.);
#845=EDGE_CURVE('',#1101,#1102,#1337,.T.);
#846=EDGE_CURVE('',#1103,#1102,#1338,.T.);
#847=EDGE_CURVE('',#1103,#1104,#1339,.T.);
#848=EDGE_CURVE('',#1104,#1105,#1340,.T.);
#849=EDGE_CURVE('',#1106,#1105,#1341,.T.);
#850=EDGE_CURVE('',#1107,#1106,#1342,.T.);
#851=EDGE_CURVE('',#1107,#1108,#1343,.T.);
#852=EDGE_CURVE('',#1109,#1108,#1344,.T.);
#853=EDGE_CURVE('',#1090,#1109,#1345,.T.);
#854=EDGE_CURVE('',#1110,#1111,#1346,.T.);
#855=EDGE_CURVE('',#1110,#1090,#1347,.T.);
#856=EDGE_CURVE('',#1111,#1109,#1348,.T.);
#857=EDGE_CURVE('',#1112,#1113,#1349,.T.);
#858=EDGE_CURVE('',#1113,#1114,#1350,.T.);
#859=EDGE_CURVE('',#1114,#1115,#1351,.T.);
#860=EDGE_CURVE('',#1112,#1115,#1352,.T.);
#861=EDGE_CURVE('',#1116,#1117,#1353,.T.);
#862=EDGE_CURVE('',#1118,#1117,#1354,.T.);
#863=EDGE_CURVE('',#1119,#1118,#1355,.T.);
#864=EDGE_CURVE('',#1119,#1091,#1356,.T.);
#865=EDGE_CURVE('',#1120,#1110,#1357,.T.);
#866=EDGE_CURVE('',#1121,#1120,#1358,.T.);
#867=EDGE_CURVE('',#1122,#1121,#1359,.T.);
#868=EDGE_CURVE('',#1122,#1123,#1360,.T.);
#869=EDGE_CURVE('',#1123,#1113,#58,.T.);
#870=EDGE_CURVE('',#1124,#1112,#59,.T.);
#871=EDGE_CURVE('',#1125,#1124,#1361,.T.);
#872=EDGE_CURVE('',#1125,#1126,#1362,.T.);
#873=EDGE_CURVE('',#1126,#1127,#1363,.T.);
#874=EDGE_CURVE('',#1127,#1128,#1364,.T.);
#875=EDGE_CURVE('',#1128,#1107,#1365,.T.);
#876=EDGE_CURVE('',#1129,#1106,#1366,.T.);
#877=EDGE_CURVE('',#1129,#1130,#1367,.T.);
#878=EDGE_CURVE('',#1130,#1116,#1368,.T.);
#879=EDGE_CURVE('',#1131,#1117,#1369,.T.);
#880=EDGE_CURVE('',#1132,#1131,#1370,.T.);
#881=EDGE_CURVE('',#1133,#1132,#1371,.T.);
#882=EDGE_CURVE('',#1133,#1094,#1372,.T.);
#883=EDGE_CURVE('',#1134,#1093,#1373,.T.);
#884=EDGE_CURVE('',#1134,#1118,#1374,.T.);
#885=EDGE_CURVE('',#1135,#1116,#1375,.T.);
#886=EDGE_CURVE('',#1135,#1131,#1376,.T.);
#887=EDGE_CURVE('',#1114,#1136,#60,.T.);
#888=EDGE_CURVE('',#1137,#1136,#1377,.T.);
#889=EDGE_CURVE('',#1137,#1138,#1378,.T.);
#890=EDGE_CURVE('',#1138,#1139,#1379,.T.);
#891=EDGE_CURVE('',#1115,#1139,#61,.T.);
#892=EDGE_CURVE('',#1136,#1123,#1380,.F.);
#893=EDGE_CURVE('',#1122,#1137,#1381,.T.);
#894=EDGE_CURVE('',#1140,#1108,#1382,.T.);
#895=EDGE_CURVE('',#1141,#1140,#1383,.T.);
#896=EDGE_CURVE('',#1142,#1141,#1384,.T.);
#897=EDGE_CURVE('',#1143,#1142,#1385,.T.);
#898=EDGE_CURVE('',#1143,#1144,#1386,.T.);
#899=EDGE_CURVE('',#1144,#1111,#1387,.T.);
#900=EDGE_CURVE('',#1145,#1145,#62,.T.);
#901=EDGE_CURVE('',#1121,#1143,#1388,.T.);
#902=EDGE_CURVE('',#1126,#1142,#1389,.T.);
#903=EDGE_CURVE('',#1125,#1138,#1390,.T.);
#904=EDGE_CURVE('',#1146,#1146,#63,.T.);
#905=EDGE_CURVE('',#1147,#1147,#64,.T.);
#906=EDGE_CURVE('',#1120,#1144,#1391,.T.);
#907=EDGE_CURVE('',#1148,#1092,#1392,.T.);
#908=EDGE_CURVE('',#1134,#1148,#1393,.T.);
#909=EDGE_CURVE('',#1119,#1148,#1394,.T.);
#910=EDGE_CURVE('',#1149,#1149,#65,.T.);
#911=EDGE_CURVE('',#1150,#1150,#66,.T.);
#912=EDGE_CURVE('',#1128,#1140,#1395,.T.);
#913=EDGE_CURVE('',#1151,#1130,#1396,.T.);
#914=EDGE_CURVE('',#1151,#1104,#1397,.T.);
#915=EDGE_CURVE('',#1152,#1103,#1398,.T.);
#916=EDGE_CURVE('',#1152,#1153,#1399,.T.);
#917=EDGE_CURVE('',#1153,#1135,#1400,.T.);
#918=EDGE_CURVE('',#1139,#1124,#1401,.F.);
#919=EDGE_CURVE('',#1154,#1154,#67,.T.);
#920=EDGE_CURVE('',#1127,#1141,#1402,.T.);
#921=EDGE_CURVE('',#1151,#1155,#1403,.T.);
#922=EDGE_CURVE('',#1155,#1105,#1404,.T.);
#923=EDGE_CURVE('',#1129,#1155,#1405,.T.);
#924=EDGE_CURVE('',#1156,#1156,#68,.T.);
#925=EDGE_CURVE('',#1157,#1157,#69,.T.);
#926=EDGE_CURVE('',#1158,#1159,#1406,.T.);
#927=EDGE_CURVE('',#1159,#1098,#1407,.T.);
#928=EDGE_CURVE('',#1158,#1097,#1408,.T.);
#929=EDGE_CURVE('',#1160,#1161,#1409,.T.);
#930=EDGE_CURVE('',#1160,#1162,#1410,.T.);
#931=EDGE_CURVE('',#1163,#1162,#1411,.T.);
#932=EDGE_CURVE('',#1161,#1163,#1412,.T.);
#933=EDGE_CURVE('',#1164,#1153,#1413,.T.);
#934=EDGE_CURVE('',#1164,#1101,#1414,.T.);
#935=EDGE_CURVE('',#1165,#1100,#1415,.T.);
#936=EDGE_CURVE('',#1166,#1165,#1416,.T.);
#937=EDGE_CURVE('',#1167,#1166,#1417,.T.);
#938=EDGE_CURVE('',#1168,#1167,#1418,.T.);
#939=EDGE_CURVE('',#1168,#1169,#1419,.T.);
#940=EDGE_CURVE('',#1169,#1160,#70,.T.);
#941=EDGE_CURVE('',#1170,#1161,#71,.T.);
#942=EDGE_CURVE('',#1171,#1170,#1420,.T.);
#943=EDGE_CURVE('',#1171,#1172,#1421,.T.);
#944=EDGE_CURVE('',#1172,#1173,#1422,.T.);
#945=EDGE_CURVE('',#1173,#1158,#1423,.T.);
#946=EDGE_CURVE('',#1174,#1096,#1424,.T.);
#947=EDGE_CURVE('',#1174,#1132,#1425,.T.);
#948=EDGE_CURVE('',#1162,#1175,#72,.T.);
#949=EDGE_CURVE('',#1176,#1175,#1426,.T.);
#950=EDGE_CURVE('',#1177,#1176,#1427,.T.);
#951=EDGE_CURVE('',#1177,#1178,#1428,.T.);
#952=EDGE_CURVE('',#1163,#1178,#73,.T.);
#953=EDGE_CURVE('',#1171,#1177,#1429,.T.);
#954=EDGE_CURVE('',#1178,#1170,#1430,.F.);
#955=EDGE_CURVE('',#1179,#1159,#1431,.T.);
#956=EDGE_CURVE('',#1180,#1179,#1432,.T.);
#957=EDGE_CURVE('',#1180,#1181,#1433,.T.);
#958=EDGE_CURVE('',#1181,#1182,#1434,.T.);
#959=EDGE_CURVE('',#1182,#1183,#1435,.T.);
#960=EDGE_CURVE('',#1183,#1099,#1436,.T.);
#961=EDGE_CURVE('',#1184,#1184,#74,.T.);
#962=EDGE_CURVE('',#1168,#1176,#1437,.T.);
#963=EDGE_CURVE('',#1167,#1181,#1438,.T.);
#964=EDGE_CURVE('',#1172,#1180,#1439,.T.);
#965=EDGE_CURVE('',#1185,#1185,#75,.T.);
#966=EDGE_CURVE('',#1186,#1186,#76,.T.);
#967=EDGE_CURVE('',#1173,#1179,#1440,.T.);
#968=EDGE_CURVE('',#1133,#1187,#1441,.T.);
#969=EDGE_CURVE('',#1187,#1095,#1442,.T.);
#970=EDGE_CURVE('',#1174,#1187,#1443,.T.);
#971=EDGE_CURVE('',#1188,#1188,#77,.T.);
#972=EDGE_CURVE('',#1189,#1189,#78,.T.);
#973=EDGE_CURVE('',#1165,#1183,#1444,.T.);
#974=EDGE_CURVE('',#1175,#1169,#1445,.F.);
#975=EDGE_CURVE('',#1190,#1190,#79,.T.);
#976=EDGE_CURVE('',#1166,#1182,#1446,.T.);
#977=EDGE_CURVE('',#1191,#1102,#1447,.T.);
#978=EDGE_CURVE('',#1152,#1191,#1448,.T.);
#979=EDGE_CURVE('',#1164,#1191,#1449,.T.);
#980=EDGE_CURVE('',#1192,#1192,#80,.T.);
#981=EDGE_CURVE('',#1193,#1193,#81,.T.);
#982=VERTEX_POINT('',#3064);
#983=VERTEX_POINT('',#3065);
#984=VERTEX_POINT('',#3067);
#985=VERTEX_POINT('',#3069);
#986=VERTEX_POINT('',#3071);
#987=VERTEX_POINT('',#3073);
#988=VERTEX_POINT('',#3075);
#989=VERTEX_POINT('',#3077);
#990=VERTEX_POINT('',#3079);
#991=VERTEX_POINT('',#3081);
#992=VERTEX_POINT('',#3083);
#993=VERTEX_POINT('',#3085);
#994=VERTEX_POINT('',#3088);
#995=VERTEX_POINT('',#3090);
#996=VERTEX_POINT('',#3091);
#997=VERTEX_POINT('',#3093);
#998=VERTEX_POINT('',#3095);
#999=VERTEX_POINT('',#3098);
#1000=VERTEX_POINT('',#3101);
#1001=VERTEX_POINT('',#3102);
#1002=VERTEX_POINT('',#3104);
#1003=VERTEX_POINT('',#3106);
#1004=VERTEX_POINT('',#3109);
#1005=VERTEX_POINT('',#3111);
#1006=VERTEX_POINT('',#3112);
#1007=VERTEX_POINT('',#3114);
#1008=VERTEX_POINT('',#3116);
#1009=VERTEX_POINT('',#3119);
#1010=VERTEX_POINT('',#3122);
#1011=VERTEX_POINT('',#3124);
#1012=VERTEX_POINT('',#3127);
#1013=VERTEX_POINT('',#3129);
#1014=VERTEX_POINT('',#3133);
#1015=VERTEX_POINT('',#3135);
#1016=VERTEX_POINT('',#3138);
#1017=VERTEX_POINT('',#3142);
#1018=VERTEX_POINT('',#3144);
#1019=VERTEX_POINT('',#3147);
#1020=VERTEX_POINT('',#3159);
#1021=VERTEX_POINT('',#3165);
#1022=VERTEX_POINT('',#3168);
#1023=VERTEX_POINT('',#3174);
#1024=VERTEX_POINT('',#3177);
#1025=VERTEX_POINT('',#3181);
#1026=VERTEX_POINT('',#3185);
#1027=VERTEX_POINT('',#3188);
#1028=VERTEX_POINT('',#3194);
#1029=VERTEX_POINT('',#3200);
#1030=VERTEX_POINT('',#3203);
#1031=VERTEX_POINT('',#3209);
#1032=VERTEX_POINT('',#3212);
#1033=VERTEX_POINT('',#3216);
#1034=VERTEX_POINT('',#3221);
#1035=VERTEX_POINT('',#3222);
#1036=VERTEX_POINT('',#3224);
#1037=VERTEX_POINT('',#3226);
#1038=VERTEX_POINT('',#3228);
#1039=VERTEX_POINT('',#3230);
#1040=VERTEX_POINT('',#3232);
#1041=VERTEX_POINT('',#3234);
#1042=VERTEX_POINT('',#3236);
#1043=VERTEX_POINT('',#3238);
#1044=VERTEX_POINT('',#3240);
#1045=VERTEX_POINT('',#3242);
#1046=VERTEX_POINT('',#3245);
#1047=VERTEX_POINT('',#3246);
#1048=VERTEX_POINT('',#3248);
#1049=VERTEX_POINT('',#3250);
#1050=VERTEX_POINT('',#3253);
#1051=VERTEX_POINT('',#3254);
#1052=VERTEX_POINT('',#3256);
#1053=VERTEX_POINT('',#3258);
#1054=VERTEX_POINT('',#3262);
#1055=VERTEX_POINT('',#3263);
#1056=VERTEX_POINT('',#3265);
#1057=VERTEX_POINT('',#3267);
#1058=VERTEX_POINT('',#3270);
#1059=VERTEX_POINT('',#3271);
#1060=VERTEX_POINT('',#3273);
#1061=VERTEX_POINT('',#3275);
#1062=VERTEX_POINT('',#3278);
#1063=VERTEX_POINT('',#3280);
#1064=VERTEX_POINT('',#3282);
#1065=VERTEX_POINT('',#3284);
#1066=VERTEX_POINT('',#3286);
#1067=VERTEX_POINT('',#3287);
#1068=VERTEX_POINT('',#3289);
#1069=VERTEX_POINT('',#3291);
#1070=VERTEX_POINT('',#3295);
#1071=VERTEX_POINT('',#3297);
#1072=VERTEX_POINT('',#3300);
#1073=VERTEX_POINT('',#3302);
#1074=VERTEX_POINT('',#3306);
#1075=VERTEX_POINT('',#3308);
#1076=VERTEX_POINT('',#3311);
#1077=VERTEX_POINT('',#3315);
#1078=VERTEX_POINT('',#3318);
#1079=VERTEX_POINT('',#3320);
#1080=VERTEX_POINT('',#3323);
#1081=VERTEX_POINT('',#3327);
#1082=VERTEX_POINT('',#3330);
#1083=VERTEX_POINT('',#3333);
#1084=VERTEX_POINT('',#3337);
#1085=VERTEX_POINT('',#3340);
#1086=VERTEX_POINT('',#3343);
#1087=VERTEX_POINT('',#3350);
#1088=VERTEX_POINT('',#3357);
#1089=VERTEX_POINT('',#3364);
#1090=VERTEX_POINT('',#3388);
#1091=VERTEX_POINT('',#3389);
#1092=VERTEX_POINT('',#3391);
#1093=VERTEX_POINT('',#3393);
#1094=VERTEX_POINT('',#3395);
#1095=VERTEX_POINT('',#3397);
#1096=VERTEX_POINT('',#3399);
#1097=VERTEX_POINT('',#3401);
#1098=VERTEX_POINT('',#3403);
#1099=VERTEX_POINT('',#3405);
#1100=VERTEX_POINT('',#3407);
#1101=VERTEX_POINT('',#3409);
#1102=VERTEX_POINT('',#3411);
#1103=VERTEX_POINT('',#3413);
#1104=VERTEX_POINT('',#3415);
#1105=VERTEX_POINT('',#3417);
#1106=VERTEX_POINT('',#3419);
#1107=VERTEX_POINT('',#3421);
#1108=VERTEX_POINT('',#3423);
#1109=VERTEX_POINT('',#3425);
#1110=VERTEX_POINT('',#3429);
#1111=VERTEX_POINT('',#3430);
#1112=VERTEX_POINT('',#3435);
#1113=VERTEX_POINT('',#3436);
#1114=VERTEX_POINT('',#3438);
#1115=VERTEX_POINT('',#3440);
#1116=VERTEX_POINT('',#3444);
#1117=VERTEX_POINT('',#3445);
#1118=VERTEX_POINT('',#3447);
#1119=VERTEX_POINT('',#3449);
#1120=VERTEX_POINT('',#3452);
#1121=VERTEX_POINT('',#3454);
#1122=VERTEX_POINT('',#3456);
#1123=VERTEX_POINT('',#3458);
#1124=VERTEX_POINT('',#3461);
#1125=VERTEX_POINT('',#3463);
#1126=VERTEX_POINT('',#3465);
#1127=VERTEX_POINT('',#3467);
#1128=VERTEX_POINT('',#3469);
#1129=VERTEX_POINT('',#3472);
#1130=VERTEX_POINT('',#3474);
#1131=VERTEX_POINT('',#3478);
#1132=VERTEX_POINT('',#3480);
#1133=VERTEX_POINT('',#3482);
#1134=VERTEX_POINT('',#3485);
#1135=VERTEX_POINT('',#3489);
#1136=VERTEX_POINT('',#3493);
#1137=VERTEX_POINT('',#3495);
#1138=VERTEX_POINT('',#3497);
#1139=VERTEX_POINT('',#3499);
#1140=VERTEX_POINT('',#3506);
#1141=VERTEX_POINT('',#3508);
#1142=VERTEX_POINT('',#3510);
#1143=VERTEX_POINT('',#3512);
#1144=VERTEX_POINT('',#3514);
#1145=VERTEX_POINT('',#3518);
#1146=VERTEX_POINT('',#3523);
#1147=VERTEX_POINT('',#3527);
#1148=VERTEX_POINT('',#3533);
#1149=VERTEX_POINT('',#3539);
#1150=VERTEX_POINT('',#3542);
#1151=VERTEX_POINT('',#3548);
#1152=VERTEX_POINT('',#3551);
#1153=VERTEX_POINT('',#3553);
#1154=VERTEX_POINT('',#3560);
#1155=VERTEX_POINT('',#3566);
#1156=VERTEX_POINT('',#3572);
#1157=VERTEX_POINT('',#3575);
#1158=VERTEX_POINT('',#3579);
#1159=VERTEX_POINT('',#3580);
#1160=VERTEX_POINT('',#3585);
#1161=VERTEX_POINT('',#3586);
#1162=VERTEX_POINT('',#3588);
#1163=VERTEX_POINT('',#3590);
#1164=VERTEX_POINT('',#3594);
#1165=VERTEX_POINT('',#3597);
#1166=VERTEX_POINT('',#3599);
#1167=VERTEX_POINT('',#3601);
#1168=VERTEX_POINT('',#3603);
#1169=VERTEX_POINT('',#3605);
#1170=VERTEX_POINT('',#3608);
#1171=VERTEX_POINT('',#3610);
#1172=VERTEX_POINT('',#3612);
#1173=VERTEX_POINT('',#3614);
#1174=VERTEX_POINT('',#3617);
#1175=VERTEX_POINT('',#3621);
#1176=VERTEX_POINT('',#3623);
#1177=VERTEX_POINT('',#3625);
#1178=VERTEX_POINT('',#3627);
#1179=VERTEX_POINT('',#3634);
#1180=VERTEX_POINT('',#3636);
#1181=VERTEX_POINT('',#3638);
#1182=VERTEX_POINT('',#3640);
#1183=VERTEX_POINT('',#3642);
#1184=VERTEX_POINT('',#3646);
#1185=VERTEX_POINT('',#3651);
#1186=VERTEX_POINT('',#3655);
#1187=VERTEX_POINT('',#3661);
#1188=VERTEX_POINT('',#3667);
#1189=VERTEX_POINT('',#3670);
#1190=VERTEX_POINT('',#3679);
#1191=VERTEX_POINT('',#3685);
#1192=VERTEX_POINT('',#3691);
#1193=VERTEX_POINT('',#3694);
#1194=LINE('',#3063,#1450);
#1195=LINE('',#3066,#1451);
#1196=LINE('',#3068,#1452);
#1197=LINE('',#3070,#1453);
#1198=LINE('',#3072,#1454);
#1199=LINE('',#3074,#1455);
#1200=LINE('',#3076,#1456);
#1201=LINE('',#3078,#1457);
#1202=LINE('',#3080,#1458);
#1203=LINE('',#3082,#1459);
#1204=LINE('',#3084,#1460);
#1205=LINE('',#3086,#1461);
#1206=LINE('',#3089,#1462);
#1207=LINE('',#3092,#1463);
#1208=LINE('',#3094,#1464);
#1209=LINE('',#3096,#1465);
#1210=LINE('',#3100,#1466);
#1211=LINE('',#3103,#1467);
#1212=LINE('',#3105,#1468);
#1213=LINE('',#3107,#1469);
#1214=LINE('',#3110,#1470);
#1215=LINE('',#3113,#1471);
#1216=LINE('',#3115,#1472);
#1217=LINE('',#3117,#1473);
#1218=LINE('',#3121,#1474);
#1219=LINE('',#3123,#1475);
#1220=LINE('',#3125,#1476);
#1221=LINE('',#3126,#1477);
#1222=LINE('',#3128,#1478);
#1223=LINE('',#3130,#1479);
#1224=LINE('',#3132,#1480);
#1225=LINE('',#3134,#1481);
#1226=LINE('',#3136,#1482);
#1227=LINE('',#3137,#1483);
#1228=LINE('',#3139,#1484);
#1229=LINE('',#3141,#1485);
#1230=LINE('',#3143,#1486);
#1231=LINE('',#3145,#1487);
#1232=LINE('',#3146,#1488);
#1233=LINE('',#3148,#1489);
#1234=LINE('',#3151,#1490);
#1235=LINE('',#3152,#1491);
#1236=LINE('',#3154,#1492);
#1237=LINE('',#3155,#1493);
#1238=LINE('',#3158,#1494);
#1239=LINE('',#3160,#1495);
#1240=LINE('',#3162,#1496);
#1241=LINE('',#3167,#1497);
#1242=LINE('',#3169,#1498);
#1243=LINE('',#3171,#1499);
#1244=LINE('',#3184,#1500);
#1245=LINE('',#3186,#1501);
#1246=LINE('',#3187,#1502);
#1247=LINE('',#3189,#1503);
#1248=LINE('',#3193,#1504);
#1249=LINE('',#3195,#1505);
#1250=LINE('',#3197,#1506);
#1251=LINE('',#3202,#1507);
#1252=LINE('',#3204,#1508);
#1253=LINE('',#3206,#1509);
#1254=LINE('',#3220,#1510);
#1255=LINE('',#3223,#1511);
#1256=LINE('',#3225,#1512);
#1257=LINE('',#3227,#1513);
#1258=LINE('',#3229,#1514);
#1259=LINE('',#3231,#1515);
#1260=LINE('',#3233,#1516);
#1261=LINE('',#3235,#1517);
#1262=LINE('',#3237,#1518);
#1263=LINE('',#3239,#1519);
#1264=LINE('',#3241,#1520);
#1265=LINE('',#3243,#1521);
#1266=LINE('',#3244,#1522);
#1267=LINE('',#3247,#1523);
#1268=LINE('',#3249,#1524);
#1269=LINE('',#3251,#1525);
#1270=LINE('',#3252,#1526);
#1271=LINE('',#3255,#1527);
#1272=LINE('',#3257,#1528);
#1273=LINE('',#3259,#1529);
#1274=LINE('',#3261,#1530);
#1275=LINE('',#3264,#1531);
#1276=LINE('',#3266,#1532);
#1277=LINE('',#3268,#1533);
#1278=LINE('',#3269,#1534);
#1279=LINE('',#3272,#1535);
#1280=LINE('',#3274,#1536);
#1281=LINE('',#3276,#1537);
#1282=LINE('',#3285,#1538);
#1283=LINE('',#3288,#1539);
#1284=LINE('',#3290,#1540);
#1285=LINE('',#3292,#1541);
#1286=LINE('',#3294,#1542);
#1287=LINE('',#3296,#1543);
#1288=LINE('',#3298,#1544);
#1289=LINE('',#3299,#1545);
#1290=LINE('',#3301,#1546);
#1291=LINE('',#3303,#1547);
#1292=LINE('',#3305,#1548);
#1293=LINE('',#3307,#1549);
#1294=LINE('',#3309,#1550);
#1295=LINE('',#3310,#1551);
#1296=LINE('',#3312,#1552);
#1297=LINE('',#3317,#1553);
#1298=LINE('',#3319,#1554);
#1299=LINE('',#3321,#1555);
#1300=LINE('',#3322,#1556);
#1301=LINE('',#3324,#1557);
#1302=LINE('',#3329,#1558);
#1303=LINE('',#3331,#1559);
#1304=LINE('',#3332,#1560);
#1305=LINE('',#3334,#1561);
#1306=LINE('',#3342,#1562);
#1307=LINE('',#3344,#1563);
#1308=LINE('',#3346,#1564);
#1309=LINE('',#3349,#1565);
#1310=LINE('',#3351,#1566);
#1311=LINE('',#3353,#1567);
#1312=LINE('',#3356,#1568);
#1313=LINE('',#3358,#1569);
#1314=LINE('',#3360,#1570);
#1315=LINE('',#3363,#1571);
#1316=LINE('',#3365,#1572);
#1317=LINE('',#3367,#1573);
#1318=LINE('',#3370,#1574);
#1319=LINE('',#3371,#1575);
#1320=LINE('',#3373,#1576);
#1321=LINE('',#3375,#1577);
#1322=LINE('',#3378,#1578);
#1323=LINE('',#3379,#1579);
#1324=LINE('',#3381,#1580);
#1325=LINE('',#3383,#1581);
#1326=LINE('',#3387,#1582);
#1327=LINE('',#3390,#1583);
#1328=LINE('',#3392,#1584);
#1329=LINE('',#3394,#1585);
#1330=LINE('',#3396,#1586);
#1331=LINE('',#3398,#1587);
#1332=LINE('',#3400,#1588);
#1333=LINE('',#3402,#1589);
#1334=LINE('',#3404,#1590);
#1335=LINE('',#3406,#1591);
#1336=LINE('',#3408,#1592);
#1337=LINE('',#3410,#1593);
#1338=LINE('',#3412,#1594);
#1339=LINE('',#3414,#1595);
#1340=LINE('',#3416,#1596);
#1341=LINE('',#3418,#1597);
#1342=LINE('',#3420,#1598);
#1343=LINE('',#3422,#1599);
#1344=LINE('',#3424,#1600);
#1345=LINE('',#3426,#1601);
#1346=LINE('',#3428,#1602);
#1347=LINE('',#3431,#1603);
#1348=LINE('',#3432,#1604);
#1349=LINE('',#3434,#1605);
#1350=LINE('',#3437,#1606);
#1351=LINE('',#3439,#1607);
#1352=LINE('',#3441,#1608);
#1353=LINE('',#3443,#1609);
#1354=LINE('',#3446,#1610);
#1355=LINE('',#3448,#1611);
#1356=LINE('',#3450,#1612);
#1357=LINE('',#3451,#1613);
#1358=LINE('',#3453,#1614);
#1359=LINE('',#3455,#1615);
#1360=LINE('',#3457,#1616);
#1361=LINE('',#3462,#1617);
#1362=LINE('',#3464,#1618);
#1363=LINE('',#3466,#1619);
#1364=LINE('',#3468,#1620);
#1365=LINE('',#3470,#1621);
#1366=LINE('',#3471,#1622);
#1367=LINE('',#3473,#1623);
#1368=LINE('',#3475,#1624);
#1369=LINE('',#3477,#1625);
#1370=LINE('',#3479,#1626);
#1371=LINE('',#3481,#1627);
#1372=LINE('',#3483,#1628);
#1373=LINE('',#3484,#1629);
#1374=LINE('',#3486,#1630);
#1375=LINE('',#3488,#1631);
#1376=LINE('',#3490,#1632);
#1377=LINE('',#3494,#1633);
#1378=LINE('',#3496,#1634);
#1379=LINE('',#3498,#1635);
#1380=LINE('',#3502,#1636);
#1381=LINE('',#3503,#1637);
#1382=LINE('',#3505,#1638);
#1383=LINE('',#3507,#1639);
#1384=LINE('',#3509,#1640);
#1385=LINE('',#3511,#1641);
#1386=LINE('',#3513,#1642);
#1387=LINE('',#3515,#1643);
#1388=LINE('',#3519,#1644);
#1389=LINE('',#3520,#1645);
#1390=LINE('',#3521,#1646);
#1391=LINE('',#3528,#1647);
#1392=LINE('',#3532,#1648);
#1393=LINE('',#3534,#1649);
#1394=LINE('',#3536,#1650);
#1395=LINE('',#3545,#1651);
#1396=LINE('',#3547,#1652);
#1397=LINE('',#3549,#1653);
#1398=LINE('',#3550,#1654);
#1399=LINE('',#3552,#1655);
#1400=LINE('',#3554,#1656);
#1401=LINE('',#3556,#1657);
#1402=LINE('',#3561,#1658);
#1403=LINE('',#3565,#1659);
#1404=LINE('',#3567,#1660);
#1405=LINE('',#3569,#1661);
#1406=LINE('',#3578,#1662);
#1407=LINE('',#3581,#1663);
#1408=LINE('',#3582,#1664);
#1409=LINE('',#3584,#1665);
#1410=LINE('',#3587,#1666);
#1411=LINE('',#3589,#1667);
#1412=LINE('',#3591,#1668);
#1413=LINE('',#3593,#1669);
#1414=LINE('',#3595,#1670);
#1415=LINE('',#3596,#1671);
#1416=LINE('',#3598,#1672);
#1417=LINE('',#3600,#1673);
#1418=LINE('',#3602,#1674);
#1419=LINE('',#3604,#1675);
#1420=LINE('',#3609,#1676);
#1421=LINE('',#3611,#1677);
#1422=LINE('',#3613,#1678);
#1423=LINE('',#3615,#1679);
#1424=LINE('',#3616,#1680);
#1425=LINE('',#3618,#1681);
#1426=LINE('',#3622,#1682);
#1427=LINE('',#3624,#1683);
#1428=LINE('',#3626,#1684);
#1429=LINE('',#3630,#1685);
#1430=LINE('',#3631,#1686);
#1431=LINE('',#3633,#1687);
#1432=LINE('',#3635,#1688);
#1433=LINE('',#3637,#1689);
#1434=LINE('',#3639,#1690);
#1435=LINE('',#3641,#1691);
#1436=LINE('',#3643,#1692);
#1437=LINE('',#3647,#1693);
#1438=LINE('',#3648,#1694);
#1439=LINE('',#3649,#1695);
#1440=LINE('',#3656,#1696);
#1441=LINE('',#3660,#1697);
#1442=LINE('',#3662,#1698);
#1443=LINE('',#3664,#1699);
#1444=LINE('',#3673,#1700);
#1445=LINE('',#3675,#1701);
#1446=LINE('',#3680,#1702);
#1447=LINE('',#3684,#1703);
#1448=LINE('',#3686,#1704);
#1449=LINE('',#3688,#1705);
#1450=VECTOR('',#2475,1.);
#1451=VECTOR('',#2476,1.);
#1452=VECTOR('',#2477,1.);
#1453=VECTOR('',#2478,1.);
#1454=VECTOR('',#2479,1.);
#1455=VECTOR('',#2480,1.);
#1456=VECTOR('',#2481,1.);
#1457=VECTOR('',#2482,1.);
#1458=VECTOR('',#2483,1.);
#1459=VECTOR('',#2484,1.);
#1460=VECTOR('',#2485,1.);
#1461=VECTOR('',#2486,1.);
#1462=VECTOR('',#2489,1.);
#1463=VECTOR('',#2490,1.);
#1464=VECTOR('',#2491,1.);
#1465=VECTOR('',#2492,1.);
#1466=VECTOR('',#2497,1.);
#1467=VECTOR('',#2498,1.);
#1468=VECTOR('',#2499,1.);
#1469=VECTOR('',#2500,1.);
#1470=VECTOR('',#2503,1.);
#1471=VECTOR('',#2504,1.);
#1472=VECTOR('',#2505,1.);
#1473=VECTOR('',#2506,1.);
#1474=VECTOR('',#2511,1.);
#1475=VECTOR('',#2512,1.);
#1476=VECTOR('',#2513,1.);
#1477=VECTOR('',#2514,1.);
#1478=VECTOR('',#2515,1.);
#1479=VECTOR('',#2516,1.);
#1480=VECTOR('',#2519,1.);
#1481=VECTOR('',#2520,1.);
#1482=VECTOR('',#2521,1.);
#1483=VECTOR('',#2522,1.);
#1484=VECTOR('',#2523,1.);
#1485=VECTOR('',#2526,1.);
#1486=VECTOR('',#2527,1.);
#1487=VECTOR('',#2528,1.);
#1488=VECTOR('',#2529,1.);
#1489=VECTOR('',#2530,1.);
#1490=VECTOR('',#2535,1.);
#1491=VECTOR('',#2536,1.);
#1492=VECTOR('',#2539,1.);
#1493=VECTOR('',#2540,1.);
#1494=VECTOR('',#2545,1.);
#1495=VECTOR('',#2546,1.);
#1496=VECTOR('',#2549,1.);
#1497=VECTOR('',#2556,1.);
#1498=VECTOR('',#2557,1.);
#1499=VECTOR('',#2560,1.);
#1500=VECTOR('',#2579,1.);
#1501=VECTOR('',#2580,1.);
#1502=VECTOR('',#2581,1.);
#1503=VECTOR('',#2582,1.);
#1504=VECTOR('',#2589,1.);
#1505=VECTOR('',#2590,1.);
#1506=VECTOR('',#2593,1.);
#1507=VECTOR('',#2600,1.);
#1508=VECTOR('',#2601,1.);
#1509=VECTOR('',#2604,1.);
#1510=VECTOR('',#2625,1.);
#1511=VECTOR('',#2626,1.);
#1512=VECTOR('',#2627,1.);
#1513=VECTOR('',#2628,1.);
#1514=VECTOR('',#2629,1.);
#1515=VECTOR('',#2630,1.);
#1516=VECTOR('',#2631,1.);
#1517=VECTOR('',#2632,1.);
#1518=VECTOR('',#2633,1.);
#1519=VECTOR('',#2634,1.);
#1520=VECTOR('',#2635,1.);
#1521=VECTOR('',#2636,1.);
#1522=VECTOR('',#2637,1.);
#1523=VECTOR('',#2638,1.);
#1524=VECTOR('',#2639,1.);
#1525=VECTOR('',#2640,1.);
#1526=VECTOR('',#2641,1.);
#1527=VECTOR('',#2642,1.);
#1528=VECTOR('',#2643,1.);
#1529=VECTOR('',#2644,1.);
#1530=VECTOR('',#2647,1.);
#1531=VECTOR('',#2648,1.);
#1532=VECTOR('',#2649,1.);
#1533=VECTOR('',#2650,1.);
#1534=VECTOR('',#2651,1.);
#1535=VECTOR('',#2652,1.);
#1536=VECTOR('',#2653,1.);
#1537=VECTOR('',#2654,1.);
#1538=VECTOR('',#2663,1.);
#1539=VECTOR('',#2664,1.);
#1540=VECTOR('',#2665,1.);
#1541=VECTOR('',#2666,1.);
#1542=VECTOR('',#2669,1.);
#1543=VECTOR('',#2670,1.);
#1544=VECTOR('',#2671,1.);
#1545=VECTOR('',#2672,1.);
#1546=VECTOR('',#2673,1.);
#1547=VECTOR('',#2674,1.);
#1548=VECTOR('',#2677,1.);
#1549=VECTOR('',#2678,1.);
#1550=VECTOR('',#2679,1.);
#1551=VECTOR('',#2680,1.);
#1552=VECTOR('',#2681,1.);
#1553=VECTOR('',#2688,1.);
#1554=VECTOR('',#2689,1.);
#1555=VECTOR('',#2690,1.);
#1556=VECTOR('',#2691,1.);
#1557=VECTOR('',#2692,1.);
#1558=VECTOR('',#2699,1.);
#1559=VECTOR('',#2700,1.);
#1560=VECTOR('',#2701,1.);
#1561=VECTOR('',#2702,1.);
#1562=VECTOR('',#2713,1.);
#1563=VECTOR('',#2714,1.);
#1564=VECTOR('',#2717,1.);
#1565=VECTOR('',#2722,1.);
#1566=VECTOR('',#2723,1.);
#1567=VECTOR('',#2726,1.);
#1568=VECTOR('',#2731,1.);
#1569=VECTOR('',#2732,1.);
#1570=VECTOR('',#2735,1.);
#1571=VECTOR('',#2740,1.);
#1572=VECTOR('',#2741,1.);
#1573=VECTOR('',#2744,1.);
#1574=VECTOR('',#2749,1.);
#1575=VECTOR('',#2750,1.);
#1576=VECTOR('',#2753,1.);
#1577=VECTOR('',#2756,1.);
#1578=VECTOR('',#2761,1.);
#1579=VECTOR('',#2762,1.);
#1580=VECTOR('',#2765,1.);
#1581=VECTOR('',#2768,1.);
#1582=VECTOR('',#2775,1.);
#1583=VECTOR('',#2776,1.);
#1584=VECTOR('',#2777,1.);
#1585=VECTOR('',#2778,1.);
#1586=VECTOR('',#2779,1.);
#1587=VECTOR('',#2780,1.);
#1588=VECTOR('',#2781,1.);
#1589=VECTOR('',#2782,1.);
#1590=VECTOR('',#2783,1.);
#1591=VECTOR('',#2784,1.);
#1592=VECTOR('',#2785,1.);
#1593=VECTOR('',#2786,1.);
#1594=VECTOR('',#2787,1.);
#1595=VECTOR('',#2788,1.);
#1596=VECTOR('',#2789,1.);
#1597=VECTOR('',#2790,1.);
#1598=VECTOR('',#2791,1.);
#1599=VECTOR('',#2792,1.);
#1600=VECTOR('',#2793,1.);
#1601=VECTOR('',#2794,1.);
#1602=VECTOR('',#2797,1.);
#1603=VECTOR('',#2798,1.);
#1604=VECTOR('',#2799,1.);
#1605=VECTOR('',#2802,1.);
#1606=VECTOR('',#2803,1.);
#1607=VECTOR('',#2804,1.);
#1608=VECTOR('',#2805,1.);
#1609=VECTOR('',#2808,1.);
#1610=VECTOR('',#2809,1.);
#1611=VECTOR('',#2810,1.);
#1612=VECTOR('',#2811,1.);
#1613=VECTOR('',#2812,1.);
#1614=VECTOR('',#2813,1.);
#1615=VECTOR('',#2814,1.);
#1616=VECTOR('',#2815,1.);
#1617=VECTOR('',#2820,1.);
#1618=VECTOR('',#2821,1.);
#1619=VECTOR('',#2822,1.);
#1620=VECTOR('',#2823,1.);
#1621=VECTOR('',#2824,1.);
#1622=VECTOR('',#2825,1.);
#1623=VECTOR('',#2826,1.);
#1624=VECTOR('',#2827,1.);
#1625=VECTOR('',#2830,1.);
#1626=VECTOR('',#2831,1.);
#1627=VECTOR('',#2832,1.);
#1628=VECTOR('',#2833,1.);
#1629=VECTOR('',#2834,1.);
#1630=VECTOR('',#2835,1.);
#1631=VECTOR('',#2838,1.);
#1632=VECTOR('',#2839,1.);
#1633=VECTOR('',#2844,1.);
#1634=VECTOR('',#2845,1.);
#1635=VECTOR('',#2846,1.);
#1636=VECTOR('',#2851,1.);
#1637=VECTOR('',#2852,1.);
#1638=VECTOR('',#2855,1.);
#1639=VECTOR('',#2856,1.);
#1640=VECTOR('',#2857,1.);
#1641=VECTOR('',#2858,1.);
#1642=VECTOR('',#2859,1.);
#1643=VECTOR('',#2860,1.);
#1644=VECTOR('',#2865,1.);
#1645=VECTOR('',#2866,1.);
#1646=VECTOR('',#2867,1.);
#1647=VECTOR('',#2876,1.);
#1648=VECTOR('',#2883,1.);
#1649=VECTOR('',#2884,1.);
#1650=VECTOR('',#2887,1.);
#1651=VECTOR('',#2900,1.);
#1652=VECTOR('',#2903,1.);
#1653=VECTOR('',#2904,1.);
#1654=VECTOR('',#2905,1.);
#1655=VECTOR('',#2906,1.);
#1656=VECTOR('',#2907,1.);
#1657=VECTOR('',#2910,1.);
#1658=VECTOR('',#2917,1.);
#1659=VECTOR('',#2924,1.);
#1660=VECTOR('',#2925,1.);
#1661=VECTOR('',#2928,1.);
#1662=VECTOR('',#2941,1.);
#1663=VECTOR('',#2942,1.);
#1664=VECTOR('',#2943,1.);
#1665=VECTOR('',#2946,1.);
#1666=VECTOR('',#2947,1.);
#1667=VECTOR('',#2948,1.);
#1668=VECTOR('',#2949,1.);
#1669=VECTOR('',#2952,1.);
#1670=VECTOR('',#2953,1.);
#1671=VECTOR('',#2954,1.);
#1672=VECTOR('',#2955,1.);
#1673=VECTOR('',#2956,1.);
#1674=VECTOR('',#2957,1.);
#1675=VECTOR('',#2958,1.);
#1676=VECTOR('',#2963,1.);
#1677=VECTOR('',#2964,1.);
#1678=VECTOR('',#2965,1.);
#1679=VECTOR('',#2966,1.);
#1680=VECTOR('',#2967,1.);
#1681=VECTOR('',#2968,1.);
#1682=VECTOR('',#2973,1.);
#1683=VECTOR('',#2974,1.);
#1684=VECTOR('',#2975,1.);
#1685=VECTOR('',#2980,1.);
#1686=VECTOR('',#2981,1.);
#1687=VECTOR('',#2984,1.);
#1688=VECTOR('',#2985,1.);
#1689=VECTOR('',#2986,1.);
#1690=VECTOR('',#2987,1.);
#1691=VECTOR('',#2988,1.);
#1692=VECTOR('',#2989,1.);
#1693=VECTOR('',#2994,1.);
#1694=VECTOR('',#2995,1.);
#1695=VECTOR('',#2996,1.);
#1696=VECTOR('',#3005,1.);
#1697=VECTOR('',#3012,1.);
#1698=VECTOR('',#3013,1.);
#1699=VECTOR('',#3016,1.);
#1700=VECTOR('',#3029,1.);
#1701=VECTOR('',#3032,1.);
#1702=VECTOR('',#3039,1.);
#1703=VECTOR('',#3046,1.);
#1704=VECTOR('',#3047,1.);
#1705=VECTOR('',#3050,1.);
#1706=EDGE_LOOP('',(#82,#83,#84,#85,#86,#87,#88,#89,#90,#91,#92,#93));
#1707=EDGE_LOOP('',(#94));
#1708=EDGE_LOOP('',(#95,#96,#97,#98));
#1709=EDGE_LOOP('',(#99));
#1710=EDGE_LOOP('',(#100,#101,#102,#103));
#1711=EDGE_LOOP('',(#104));
#1712=EDGE_LOOP('',(#105,#106,#107,#108));
#1713=EDGE_LOOP('',(#109));
#1714=EDGE_LOOP('',(#110,#111,#112,#113,#114,#115,#116,#117));
#1715=EDGE_LOOP('',(#118,#119,#120,#121,#122,#123,#124,#125));
#1716=EDGE_LOOP('',(#126,#127,#128,#129,#130,#131,#132,#133));
#1717=EDGE_LOOP('',(#134));
#1718=EDGE_LOOP('',(#135));
#1719=EDGE_LOOP('',(#136,#137,#138,#139));
#1720=EDGE_LOOP('',(#140,#141,#142,#143));
#1721=EDGE_LOOP('',(#144,#145,#146,#147));
#1722=EDGE_LOOP('',(#148,#149,#150,#151));
#1723=EDGE_LOOP('',(#152,#153,#154,#155));
#1724=EDGE_LOOP('',(#156));
#1725=EDGE_LOOP('',(#157,#158,#159,#160));
#1726=EDGE_LOOP('',(#161,#162,#163,#164));
#1727=EDGE_LOOP('',(#165,#166,#167,#168));
#1728=EDGE_LOOP('',(#169));
#1729=EDGE_LOOP('',(#170,#171,#172,#173));
#1730=EDGE_LOOP('',(#174));
#1731=EDGE_LOOP('',(#175));
#1732=EDGE_LOOP('',(#176));
#1733=EDGE_LOOP('',(#177));
#1734=EDGE_LOOP('',(#178));
#1735=EDGE_LOOP('',(#179));
#1736=EDGE_LOOP('',(#180,#181,#182,#183,#184,#185,#186,#187));
#1737=EDGE_LOOP('',(#188));
#1738=EDGE_LOOP('',(#189));
#1739=EDGE_LOOP('',(#190,#191,#192,#193));
#1740=EDGE_LOOP('',(#194,#195,#196,#197));
#1741=EDGE_LOOP('',(#198,#199,#200,#201));
#1742=EDGE_LOOP('',(#202));
#1743=EDGE_LOOP('',(#203,#204,#205,#206));
#1744=EDGE_LOOP('',(#207,#208,#209,#210));
#1745=EDGE_LOOP('',(#211,#212,#213,#214));
#1746=EDGE_LOOP('',(#215));
#1747=EDGE_LOOP('',(#216,#217,#218,#219));
#1748=EDGE_LOOP('',(#220));
#1749=EDGE_LOOP('',(#221));
#1750=EDGE_LOOP('',(#222));
#1751=EDGE_LOOP('',(#223));
#1752=EDGE_LOOP('',(#224));
#1753=EDGE_LOOP('',(#225));
#1754=EDGE_LOOP('',(#226,#227,#228,#229,#230,#231,#232,#233,#234,#235,#236,
#237));
#1755=EDGE_LOOP('',(#238,#239,#240,#241));
#1756=EDGE_LOOP('',(#242,#243,#244,#245));
#1757=EDGE_LOOP('',(#246,#247,#248,#249));
#1758=EDGE_LOOP('',(#250,#251,#252,#253));
#1759=EDGE_LOOP('',(#254));
#1760=EDGE_LOOP('',(#255));
#1761=EDGE_LOOP('',(#256));
#1762=EDGE_LOOP('',(#257));
#1763=EDGE_LOOP('',(#258,#259,#260,#261));
#1764=EDGE_LOOP('',(#262,#263,#264,#265,#266,#267,#268,#269));
#1765=EDGE_LOOP('',(#270,#271,#272,#273,#274,#275,#276,#277));
#1766=EDGE_LOOP('',(#278));
#1767=EDGE_LOOP('',(#279));
#1768=EDGE_LOOP('',(#280,#281,#282,#283,#284,#285,#286,#287));
#1769=EDGE_LOOP('',(#288));
#1770=EDGE_LOOP('',(#289));
#1771=EDGE_LOOP('',(#290,#291,#292,#293,#294,#295,#296,#297));
#1772=EDGE_LOOP('',(#298));
#1773=EDGE_LOOP('',(#299));
#1774=EDGE_LOOP('',(#300));
#1775=EDGE_LOOP('',(#301));
#1776=EDGE_LOOP('',(#302,#303,#304,#305));
#1777=EDGE_LOOP('',(#306,#307,#308,#309));
#1778=EDGE_LOOP('',(#310,#311,#312,#313));
#1779=EDGE_LOOP('',(#314));
#1780=EDGE_LOOP('',(#315,#316,#317,#318));
#1781=EDGE_LOOP('',(#319,#320,#321,#322));
#1782=EDGE_LOOP('',(#323,#324,#325,#326));
#1783=EDGE_LOOP('',(#327));
#1784=EDGE_LOOP('',(#328,#329,#330,#331));
#1785=EDGE_LOOP('',(#332,#333,#334,#335));
#1786=EDGE_LOOP('',(#336,#337,#338,#339));
#1787=EDGE_LOOP('',(#340));
#1788=EDGE_LOOP('',(#341,#342,#343,#344));
#1789=EDGE_LOOP('',(#345,#346,#347,#348));
#1790=EDGE_LOOP('',(#349));
#1791=EDGE_LOOP('',(#350,#351,#352,#353));
#1792=EDGE_LOOP('',(#354,#355,#356,#357));
#1793=EDGE_LOOP('',(#358,#359,#360,#361));
#1794=EDGE_LOOP('',(#362,#363,#364,#365));
#1795=EDGE_LOOP('',(#366,#367,#368,#369));
#1796=EDGE_LOOP('',(#370,#371,#372,#373));
#1797=EDGE_LOOP('',(#374,#375,#376,#377));
#1798=EDGE_LOOP('',(#378,#379,#380,#381));
#1799=EDGE_LOOP('',(#382,#383,#384,#385));
#1800=EDGE_LOOP('',(#386,#387,#388,#389,#390,#391,#392,#393,#394,#395,#396,
#397,#398,#399,#400,#401,#402,#403,#404,#405));
#1801=EDGE_LOOP('',(#406,#407,#408,#409));
#1802=EDGE_LOOP('',(#410,#411,#412,#413));
#1803=EDGE_LOOP('',(#414,#415,#416,#417,#418,#419,#420,#421,#422,#423,#424,
#425,#426,#427,#428,#429,#430,#431,#432,#433,#434,#435));
#1804=EDGE_LOOP('',(#436,#437,#438,#439,#440,#441,#442,#443));
#1805=EDGE_LOOP('',(#444,#445,#446,#447));
#1806=EDGE_LOOP('',(#448,#449,#450,#451,#452,#453));
#1807=EDGE_LOOP('',(#454,#455,#456,#457));
#1808=EDGE_LOOP('',(#458,#459,#460,#461,#462,#463,#464,#465));
#1809=EDGE_LOOP('',(#466));
#1810=EDGE_LOOP('',(#467,#468,#469,#470,#471,#472,#473,#474));
#1811=EDGE_LOOP('',(#475));
#1812=EDGE_LOOP('',(#476,#477,#478,#479));
#1813=EDGE_LOOP('',(#480));
#1814=EDGE_LOOP('',(#481,#482,#483,#484));
#1815=EDGE_LOOP('',(#485,#486,#487,#488));
#1816=EDGE_LOOP('',(#489));
#1817=EDGE_LOOP('',(#490));
#1818=EDGE_LOOP('',(#491,#492,#493,#494));
#1819=EDGE_LOOP('',(#495,#496,#497,#498));
#1820=EDGE_LOOP('',(#499));
#1821=EDGE_LOOP('',(#500,#501,#502,#503));
#1822=EDGE_LOOP('',(#504));
#1823=EDGE_LOOP('',(#505));
#1824=EDGE_LOOP('',(#506));
#1825=EDGE_LOOP('',(#507,#508,#509,#510));
#1826=EDGE_LOOP('',(#511,#512,#513,#514,#515,#516,#517,#518));
#1827=EDGE_LOOP('',(#519,#520,#521,#522));
#1828=EDGE_LOOP('',(#523,#524,#525,#526));
#1829=EDGE_LOOP('',(#527));
#1830=EDGE_LOOP('',(#528,#529,#530,#531));
#1831=EDGE_LOOP('',(#532,#533,#534,#535));
#1832=EDGE_LOOP('',(#536));
#1833=EDGE_LOOP('',(#537));
#1834=EDGE_LOOP('',(#538,#539,#540,#541));
#1835=EDGE_LOOP('',(#542,#543,#544,#545));
#1836=EDGE_LOOP('',(#546));
#1837=EDGE_LOOP('',(#547,#548,#549,#550));
#1838=EDGE_LOOP('',(#551));
#1839=EDGE_LOOP('',(#552));
#1840=EDGE_LOOP('',(#553));
#1841=EDGE_LOOP('',(#554,#555,#556,#557));
#1842=EDGE_LOOP('',(#558,#559,#560,#561));
#1843=EDGE_LOOP('',(#562,#563,#564,#565,#566,#567,#568,#569,#570,#571,#572,
#573,#574,#575,#576,#577,#578,#579,#580,#581,#582,#583));
#1844=EDGE_LOOP('',(#584,#585,#586,#587,#588,#589));
#1845=EDGE_LOOP('',(#590,#591,#592,#593));
#1846=EDGE_LOOP('',(#594,#595,#596,#597,#598,#599,#600,#601));
#1847=EDGE_LOOP('',(#602));
#1848=EDGE_LOOP('',(#603,#604,#605,#606,#607,#608,#609,#610));
#1849=EDGE_LOOP('',(#611));
#1850=EDGE_LOOP('',(#612,#613,#614,#615));
#1851=EDGE_LOOP('',(#616));
#1852=EDGE_LOOP('',(#617,#618,#619,#620));
#1853=EDGE_LOOP('',(#621,#622,#623,#624));
#1854=EDGE_LOOP('',(#625));
#1855=EDGE_LOOP('',(#626));
#1856=EDGE_LOOP('',(#627,#628,#629,#630));
#1857=EDGE_LOOP('',(#631,#632,#633,#634));
#1858=EDGE_LOOP('',(#635));
#1859=EDGE_LOOP('',(#636,#637,#638,#639));
#1860=EDGE_LOOP('',(#640));
#1861=EDGE_LOOP('',(#641));
#1862=EDGE_LOOP('',(#642));
#1863=EDGE_LOOP('',(#643,#644,#645,#646));
#1864=EDGE_LOOP('',(#647,#648,#649,#650));
#1865=EDGE_LOOP('',(#651,#652,#653,#654));
#1866=EDGE_LOOP('',(#655));
#1867=EDGE_LOOP('',(#656,#657,#658,#659));
#1868=EDGE_LOOP('',(#660,#661,#662,#663));
#1869=EDGE_LOOP('',(#664));
#1870=EDGE_LOOP('',(#665));
#1871=EDGE_LOOP('',(#666,#667,#668,#669));
#1872=EDGE_LOOP('',(#670,#671,#672,#673));
#1873=EDGE_LOOP('',(#674));
#1874=EDGE_LOOP('',(#675,#676,#677,#678));
#1875=EDGE_LOOP('',(#679));
#1876=EDGE_LOOP('',(#680));
#1877=EDGE_LOOP('',(#681));
#1878=FACE_BOUND('',#1706,.T.);
#1879=FACE_BOUND('',#1707,.T.);
#1880=FACE_BOUND('',#1708,.T.);
#1881=FACE_BOUND('',#1709,.T.);
#1882=FACE_BOUND('',#1710,.T.);
#1883=FACE_BOUND('',#1711,.T.);
#1884=FACE_BOUND('',#1712,.T.);
#1885=FACE_BOUND('',#1713,.T.);
#1886=FACE_BOUND('',#1714,.T.);
#1887=FACE_BOUND('',#1715,.T.);
#1888=FACE_BOUND('',#1716,.T.);
#1889=FACE_BOUND('',#1717,.T.);
#1890=FACE_BOUND('',#1718,.T.);
#1891=FACE_BOUND('',#1719,.T.);
#1892=FACE_BOUND('',#1720,.T.);
#1893=FACE_BOUND('',#1721,.T.);
#1894=FACE_BOUND('',#1722,.T.);
#1895=FACE_BOUND('',#1723,.T.);
#1896=FACE_BOUND('',#1724,.T.);
#1897=FACE_BOUND('',#1725,.T.);
#1898=FACE_BOUND('',#1726,.T.);
#1899=FACE_BOUND('',#1727,.T.);
#1900=FACE_BOUND('',#1728,.T.);
#1901=FACE_BOUND('',#1729,.T.);
#1902=FACE_BOUND('',#1730,.T.);
#1903=FACE_BOUND('',#1731,.T.);
#1904=FACE_BOUND('',#1732,.T.);
#1905=FACE_BOUND('',#1733,.T.);
#1906=FACE_BOUND('',#1734,.T.);
#1907=FACE_BOUND('',#1735,.T.);
#1908=FACE_BOUND('',#1736,.T.);
#1909=FACE_BOUND('',#1737,.T.);
#1910=FACE_BOUND('',#1738,.T.);
#1911=FACE_BOUND('',#1739,.T.);
#1912=FACE_BOUND('',#1740,.T.);
#1913=FACE_BOUND('',#1741,.T.);
#1914=FACE_BOUND('',#1742,.T.);
#1915=FACE_BOUND('',#1743,.T.);
#1916=FACE_BOUND('',#1744,.T.);
#1917=FACE_BOUND('',#1745,.T.);
#1918=FACE_BOUND('',#1746,.T.);
#1919=FACE_BOUND('',#1747,.T.);
#1920=FACE_BOUND('',#1748,.T.);
#1921=FACE_BOUND('',#1749,.T.);
#1922=FACE_BOUND('',#1750,.T.);
#1923=FACE_BOUND('',#1751,.T.);
#1924=FACE_BOUND('',#1752,.T.);
#1925=FACE_BOUND('',#1753,.T.);
#1926=FACE_BOUND('',#1754,.T.);
#1927=FACE_BOUND('',#1755,.T.);
#1928=FACE_BOUND('',#1756,.T.);
#1929=FACE_BOUND('',#1757,.T.);
#1930=FACE_BOUND('',#1758,.T.);
#1931=FACE_BOUND('',#1759,.T.);
#1932=FACE_BOUND('',#1760,.T.);
#1933=FACE_BOUND('',#1761,.T.);
#1934=FACE_BOUND('',#1762,.T.);
#1935=FACE_BOUND('',#1763,.T.);
#1936=FACE_BOUND('',#1764,.T.);
#1937=FACE_BOUND('',#1765,.T.);
#1938=FACE_BOUND('',#1766,.T.);
#1939=FACE_BOUND('',#1767,.T.);
#1940=FACE_BOUND('',#1768,.T.);
#1941=FACE_BOUND('',#1769,.T.);
#1942=FACE_BOUND('',#1770,.T.);
#1943=FACE_BOUND('',#1771,.T.);
#1944=FACE_BOUND('',#1772,.T.);
#1945=FACE_BOUND('',#1773,.T.);
#1946=FACE_BOUND('',#1774,.T.);
#1947=FACE_BOUND('',#1775,.T.);
#1948=FACE_BOUND('',#1776,.T.);
#1949=FACE_BOUND('',#1777,.T.);
#1950=FACE_BOUND('',#1778,.T.);
#1951=FACE_BOUND('',#1779,.T.);
#1952=FACE_BOUND('',#1780,.T.);
#1953=FACE_BOUND('',#1781,.T.);
#1954=FACE_BOUND('',#1782,.T.);
#1955=FACE_BOUND('',#1783,.T.);
#1956=FACE_BOUND('',#1784,.T.);
#1957=FACE_BOUND('',#1785,.T.);
#1958=FACE_BOUND('',#1786,.T.);
#1959=FACE_BOUND('',#1787,.T.);
#1960=FACE_BOUND('',#1788,.T.);
#1961=FACE_BOUND('',#1789,.T.);
#1962=FACE_BOUND('',#1790,.T.);
#1963=FACE_BOUND('',#1791,.T.);
#1964=FACE_BOUND('',#1792,.T.);
#1965=FACE_BOUND('',#1793,.T.);
#1966=FACE_BOUND('',#1794,.T.);
#1967=FACE_BOUND('',#1795,.T.);
#1968=FACE_BOUND('',#1796,.T.);
#1969=FACE_BOUND('',#1797,.T.);
#1970=FACE_BOUND('',#1798,.T.);
#1971=FACE_BOUND('',#1799,.T.);
#1972=FACE_BOUND('',#1800,.T.);
#1973=FACE_BOUND('',#1801,.T.);
#1974=FACE_BOUND('',#1802,.T.);
#1975=FACE_BOUND('',#1803,.T.);
#1976=FACE_BOUND('',#1804,.T.);
#1977=FACE_BOUND('',#1805,.T.);
#1978=FACE_BOUND('',#1806,.T.);
#1979=FACE_BOUND('',#1807,.T.);
#1980=FACE_BOUND('',#1808,.T.);
#1981=FACE_BOUND('',#1809,.T.);
#1982=FACE_BOUND('',#1810,.T.);
#1983=FACE_BOUND('',#1811,.T.);
#1984=FACE_BOUND('',#1812,.T.);
#1985=FACE_BOUND('',#1813,.T.);
#1986=FACE_BOUND('',#1814,.T.);
#1987=FACE_BOUND('',#1815,.T.);
#1988=FACE_BOUND('',#1816,.T.);
#1989=FACE_BOUND('',#1817,.T.);
#1990=FACE_BOUND('',#1818,.T.);
#1991=FACE_BOUND('',#1819,.T.);
#1992=FACE_BOUND('',#1820,.T.);
#1993=FACE_BOUND('',#1821,.T.);
#1994=FACE_BOUND('',#1822,.T.);
#1995=FACE_BOUND('',#1823,.T.);
#1996=FACE_BOUND('',#1824,.T.);
#1997=FACE_BOUND('',#1825,.T.);
#1998=FACE_BOUND('',#1826,.T.);
#1999=FACE_BOUND('',#1827,.T.);
#2000=FACE_BOUND('',#1828,.T.);
#2001=FACE_BOUND('',#1829,.T.);
#2002=FACE_BOUND('',#1830,.T.);
#2003=FACE_BOUND('',#1831,.T.);
#2004=FACE_BOUND('',#1832,.T.);
#2005=FACE_BOUND('',#1833,.T.);
#2006=FACE_BOUND('',#1834,.T.);
#2007=FACE_BOUND('',#1835,.T.);
#2008=FACE_BOUND('',#1836,.T.);
#2009=FACE_BOUND('',#1837,.T.);
#2010=FACE_BOUND('',#1838,.T.);
#2011=FACE_BOUND('',#1839,.T.);
#2012=FACE_BOUND('',#1840,.T.);
#2013=FACE_BOUND('',#1841,.T.);
#2014=FACE_BOUND('',#1842,.T.);
#2015=FACE_BOUND('',#1843,.T.);
#2016=FACE_BOUND('',#1844,.T.);
#2017=FACE_BOUND('',#1845,.T.);
#2018=FACE_BOUND('',#1846,.T.);
#2019=FACE_BOUND('',#1847,.T.);
#2020=FACE_BOUND('',#1848,.T.);
#2021=FACE_BOUND('',#1849,.T.);
#2022=FACE_BOUND('',#1850,.T.);
#2023=FACE_BOUND('',#1851,.T.);
#2024=FACE_BOUND('',#1852,.T.);
#2025=FACE_BOUND('',#1853,.T.);
#2026=FACE_BOUND('',#1854,.T.);
#2027=FACE_BOUND('',#1855,.T.);
#2028=FACE_BOUND('',#1856,.T.);
#2029=FACE_BOUND('',#1857,.T.);
#2030=FACE_BOUND('',#1858,.T.);
#2031=FACE_BOUND('',#1859,.T.);
#2032=FACE_BOUND('',#1860,.T.);
#2033=FACE_BOUND('',#1861,.T.);
#2034=FACE_BOUND('',#1862,.T.);
#2035=FACE_BOUND('',#1863,.T.);
#2036=FACE_BOUND('',#1864,.T.);
#2037=FACE_BOUND('',#1865,.T.);
#2038=FACE_BOUND('',#1866,.T.);
#2039=FACE_BOUND('',#1867,.T.);
#2040=FACE_BOUND('',#1868,.T.);
#2041=FACE_BOUND('',#1869,.T.);
#2042=FACE_BOUND('',#1870,.T.);
#2043=FACE_BOUND('',#1871,.T.);
#2044=FACE_BOUND('',#1872,.T.);
#2045=FACE_BOUND('',#1873,.T.);
#2046=FACE_BOUND('',#1874,.T.);
#2047=FACE_BOUND('',#1875,.T.);
#2048=FACE_BOUND('',#1876,.T.);
#2049=FACE_BOUND('',#1877,.T.);
#2050=PLANE('',#2305);
#2051=PLANE('',#2308);
#2052=PLANE('',#2311);
#2053=PLANE('',#2312);
#2054=PLANE('',#2313);
#2055=PLANE('',#2315);
#2056=PLANE('',#2316);
#2057=PLANE('',#2317);
#2058=PLANE('',#2318);
#2059=PLANE('',#2319);
#2060=PLANE('',#2320);
#2061=PLANE('',#2322);
#2062=PLANE('',#2323);
#2063=PLANE('',#2324);
#2064=PLANE('',#2328);
#2065=PLANE('',#2331);
#2066=PLANE('',#2332);
#2067=PLANE('',#2334);
#2068=PLANE('',#2335);
#2069=PLANE('',#2336);
#2070=PLANE('',#2337);
#2071=PLANE('',#2339);
#2072=PLANE('',#2340);
#2073=PLANE('',#2341);
#2074=PLANE('',#2345);
#2075=PLANE('',#2348);
#2076=PLANE('',#2350);
#2077=PLANE('',#2351);
#2078=PLANE('',#2356);
#2079=PLANE('',#2357);
#2080=PLANE('',#2360);
#2081=PLANE('',#2363);
#2082=PLANE('',#2368);
#2083=PLANE('',#2369);
#2084=PLANE('',#2370);
#2085=PLANE('',#2371);
#2086=PLANE('',#2372);
#2087=PLANE('',#2373);
#2088=PLANE('',#2374);
#2089=PLANE('',#2375);
#2090=PLANE('',#2376);
#2091=PLANE('',#2377);
#2092=PLANE('',#2378);
#2093=PLANE('',#2379);
#2094=PLANE('',#2380);
#2095=PLANE('',#2381);
#2096=PLANE('',#2382);
#2097=PLANE('',#2383);
#2098=PLANE('',#2384);
#2099=PLANE('',#2385);
#2100=PLANE('',#2386);
#2101=PLANE('',#2387);
#2102=PLANE('',#2389);
#2103=PLANE('',#2390);
#2104=PLANE('',#2391);
#2105=PLANE('',#2392);
#2106=PLANE('',#2395);
#2107=PLANE('',#2396);
#2108=PLANE('',#2397);
#2109=PLANE('',#2400);
#2110=PLANE('',#2401);
#2111=PLANE('',#2402);
#2112=PLANE('',#2406);
#2113=PLANE('',#2408);
#2114=PLANE('',#2410);
#2115=PLANE('',#2411);
#2116=PLANE('',#2412);
#2117=PLANE('',#2416);
#2118=PLANE('',#2417);
#2119=PLANE('',#2418);
#2120=PLANE('',#2419);
#2121=PLANE('',#2421);
#2122=PLANE('',#2423);
#2123=PLANE('',#2425);
#2124=PLANE('',#2426);
#2125=PLANE('',#2427);
#2126=PLANE('',#2431);
#2127=PLANE('',#2432);
#2128=PLANE('',#2433);
#2129=PLANE('',#2434);
#2130=PLANE('',#2437);
#2131=PLANE('',#2440);
#2132=PLANE('',#2441);
#2133=PLANE('',#2442);
#2134=PLANE('',#2446);
#2135=PLANE('',#2448);
#2136=PLANE('',#2450);
#2137=PLANE('',#2451);
#2138=PLANE('',#2452);
#2139=PLANE('',#2456);
#2140=PLANE('',#2457);
#2141=PLANE('',#2458);
#2142=PLANE('',#2460);
#2143=PLANE('',#2462);
#2144=PLANE('',#2464);
#2145=PLANE('',#2465);
#2146=PLANE('',#2466);
#2147=PLANE('',#2470);
#2148=ADVANCED_FACE('',(#1878,#1879,#1880,#1881),#2050,.T.);
#2149=ADVANCED_FACE('',(#1882,#1883,#1884,#1885),#2051,.F.);
#2150=ADVANCED_FACE('',(#1886),#2052,.T.);
#2151=ADVANCED_FACE('',(#1887),#2053,.F.);
#2152=ADVANCED_FACE('',(#1888),#2054,.F.);
#2153=ADVANCED_FACE('',(#1889,#1890),#16,.F.);
#2154=ADVANCED_FACE('',(#1891),#2055,.T.);
#2155=ADVANCED_FACE('',(#1892),#2056,.F.);
#2156=ADVANCED_FACE('',(#1893),#2057,.T.);
#2157=ADVANCED_FACE('',(#1894),#2058,.F.);
#2158=ADVANCED_FACE('',(#1895),#2059,.T.);
#2159=ADVANCED_FACE('',(#1896,#1897),#2060,.T.);
#2160=ADVANCED_FACE('',(#1898),#2061,.T.);
#2161=ADVANCED_FACE('',(#1899),#2062,.F.);
#2162=ADVANCED_FACE('',(#1900,#1901),#2063,.T.);
#2163=ADVANCED_FACE('',(#1902,#1903),#17,.F.);
#2164=ADVANCED_FACE('',(#1904),#2064,.T.);
#2165=ADVANCED_FACE('',(#1905,#1906),#18,.F.);
#2166=ADVANCED_FACE('',(#1907),#2065,.T.);
#2167=ADVANCED_FACE('',(#1908),#2066,.F.);
#2168=ADVANCED_FACE('',(#1909,#1910),#19,.F.);
#2169=ADVANCED_FACE('',(#1911),#2067,.T.);
#2170=ADVANCED_FACE('',(#1912),#2068,.F.);
#2171=ADVANCED_FACE('',(#1913),#2069,.T.);
#2172=ADVANCED_FACE('',(#1914,#1915),#2070,.T.);
#2173=ADVANCED_FACE('',(#1916),#2071,.T.);
#2174=ADVANCED_FACE('',(#1917),#2072,.F.);
#2175=ADVANCED_FACE('',(#1918,#1919),#2073,.T.);
#2176=ADVANCED_FACE('',(#1920,#1921),#20,.F.);
#2177=ADVANCED_FACE('',(#1922),#2074,.T.);
#2178=ADVANCED_FACE('',(#1923,#1924),#21,.F.);
#2179=ADVANCED_FACE('',(#1925),#2075,.T.);
#2180=ADVANCED_FACE('',(#1926,#1927,#1928),#2076,.T.);
#2181=ADVANCED_FACE('',(#1929,#1930,#1931,#1932,#1933,#1934,#1935),#2077,
 .F.);
#2182=ADVANCED_FACE('',(#1936),#2078,.F.);
#2183=ADVANCED_FACE('',(#1937),#2079,.F.);
#2184=ADVANCED_FACE('',(#1938,#1939),#22,.F.);
#2185=ADVANCED_FACE('',(#1940),#2080,.T.);
#2186=ADVANCED_FACE('',(#1941,#1942),#23,.F.);
#2187=ADVANCED_FACE('',(#1943),#2081,.F.);
#2188=ADVANCED_FACE('',(#1944,#1945),#24,.F.);
#2189=ADVANCED_FACE('',(#1946,#1947),#25,.F.);
#2190=ADVANCED_FACE('',(#1948),#2082,.T.);
#2191=ADVANCED_FACE('',(#1949),#2083,.F.);
#2192=ADVANCED_FACE('',(#1950,#1951),#2084,.T.);
#2193=ADVANCED_FACE('',(#1952),#2085,.T.);
#2194=ADVANCED_FACE('',(#1953),#2086,.F.);
#2195=ADVANCED_FACE('',(#1954,#1955),#2087,.T.);
#2196=ADVANCED_FACE('',(#1956),#2088,.T.);
#2197=ADVANCED_FACE('',(#1957),#2089,.F.);
#2198=ADVANCED_FACE('',(#1958,#1959),#2090,.T.);
#2199=ADVANCED_FACE('',(#1960),#2091,.F.);
#2200=ADVANCED_FACE('',(#1961),#2092,.T.);
#2201=ADVANCED_FACE('',(#1962,#1963),#2093,.T.);
#2202=ADVANCED_FACE('',(#1964),#2094,.T.);
#2203=ADVANCED_FACE('',(#1965),#2095,.F.);
#2204=ADVANCED_FACE('',(#1966),#2096,.F.);
#2205=ADVANCED_FACE('',(#1967),#2097,.T.);
#2206=ADVANCED_FACE('',(#1968),#2098,.T.);
#2207=ADVANCED_FACE('',(#1969),#2099,.F.);
#2208=ADVANCED_FACE('',(#1970),#2100,.F.);
#2209=ADVANCED_FACE('',(#1971),#2101,.T.);
#2210=ADVANCED_FACE('',(#1972),#2102,.T.);
#2211=ADVANCED_FACE('',(#1973),#2103,.F.);
#2212=ADVANCED_FACE('',(#1974),#2104,.T.);
#2213=ADVANCED_FACE('',(#1975),#2105,.F.);
#2214=ADVANCED_FACE('',(#1976),#2106,.T.);
#2215=ADVANCED_FACE('',(#1977),#2107,.F.);
#2216=ADVANCED_FACE('',(#1978),#2108,.T.);
#2217=ADVANCED_FACE('',(#1979),#2109,.T.);
#2218=ADVANCED_FACE('',(#1980),#2110,.F.);
#2219=ADVANCED_FACE('',(#1981,#1982,#1983),#2111,.T.);
#2220=ADVANCED_FACE('',(#1984),#26,.F.);
#2221=ADVANCED_FACE('',(#1985,#1986),#2112,.F.);
#2222=ADVANCED_FACE('',(#1987),#2113,.T.);
#2223=ADVANCED_FACE('',(#1988,#1989),#27,.F.);
#2224=ADVANCED_FACE('',(#1990),#2114,.F.);
#2225=ADVANCED_FACE('',(#1991),#2115,.T.);
#2226=ADVANCED_FACE('',(#1992,#1993),#2116,.T.);
#2227=ADVANCED_FACE('',(#1994,#1995),#28,.T.);
#2228=ADVANCED_FACE('',(#1996),#2117,.T.);
#2229=ADVANCED_FACE('',(#1997),#2118,.F.);
#2230=ADVANCED_FACE('',(#1998),#2119,.T.);
#2231=ADVANCED_FACE('',(#1999),#2120,.T.);
#2232=ADVANCED_FACE('',(#2000),#29,.F.);
#2233=ADVANCED_FACE('',(#2001,#2002),#2121,.F.);
#2234=ADVANCED_FACE('',(#2003),#2122,.T.);
#2235=ADVANCED_FACE('',(#2004,#2005),#30,.F.);
#2236=ADVANCED_FACE('',(#2006),#2123,.F.);
#2237=ADVANCED_FACE('',(#2007),#2124,.T.);
#2238=ADVANCED_FACE('',(#2008,#2009),#2125,.T.);
#2239=ADVANCED_FACE('',(#2010,#2011),#31,.T.);
#2240=ADVANCED_FACE('',(#2012),#2126,.T.);
#2241=ADVANCED_FACE('',(#2013),#2127,.F.);
#2242=ADVANCED_FACE('',(#2014),#2128,.T.);
#2243=ADVANCED_FACE('',(#2015),#2129,.F.);
#2244=ADVANCED_FACE('',(#2016),#2130,.T.);
#2245=ADVANCED_FACE('',(#2017),#2131,.T.);
#2246=ADVANCED_FACE('',(#2018),#2132,.F.);
#2247=ADVANCED_FACE('',(#2019,#2020,#2021),#2133,.T.);
#2248=ADVANCED_FACE('',(#2022),#32,.F.);
#2249=ADVANCED_FACE('',(#2023,#2024),#2134,.F.);
#2250=ADVANCED_FACE('',(#2025),#2135,.T.);
#2251=ADVANCED_FACE('',(#2026,#2027),#33,.F.);
#2252=ADVANCED_FACE('',(#2028),#2136,.F.);
#2253=ADVANCED_FACE('',(#2029),#2137,.T.);
#2254=ADVANCED_FACE('',(#2030,#2031),#2138,.T.);
#2255=ADVANCED_FACE('',(#2032,#2033),#34,.T.);
#2256=ADVANCED_FACE('',(#2034),#2139,.T.);
#2257=ADVANCED_FACE('',(#2035),#2140,.F.);
#2258=ADVANCED_FACE('',(#2036),#2141,.T.);
#2259=ADVANCED_FACE('',(#2037),#35,.F.);
#2260=ADVANCED_FACE('',(#2038,#2039),#2142,.F.);
#2261=ADVANCED_FACE('',(#2040),#2143,.T.);
#2262=ADVANCED_FACE('',(#2041,#2042),#36,.F.);
#2263=ADVANCED_FACE('',(#2043),#2144,.F.);
#2264=ADVANCED_FACE('',(#2044),#2145,.T.);
#2265=ADVANCED_FACE('',(#2045,#2046),#2146,.T.);
#2266=ADVANCED_FACE('',(#2047,#2048),#37,.T.);
#2267=ADVANCED_FACE('',(#2049),#2147,.T.);
#2268=CLOSED_SHELL('',(#2148,#2149,#2150,#2151,#2152,#2153,#2154,#2155,
#2156,#2157,#2158,#2159,#2160,#2161,#2162,#2163,#2164,#2165,#2166,#2167,
#2168,#2169,#2170,#2171,#2172,#2173,#2174,#2175,#2176,#2177,#2178,#2179));
#2269=CLOSED_SHELL('',(#2180,#2181,#2182,#2183,#2184,#2185,#2186,#2187,
#2188,#2189,#2190,#2191,#2192,#2193,#2194,#2195,#2196,#2197,#2198,#2199,
#2200,#2201,#2202,#2203,#2204,#2205,#2206,#2207,#2208,#2209));
#2270=CLOSED_SHELL('',(#2210,#2211,#2212,#2213,#2214,#2215,#2216,#2217,
#2218,#2219,#2220,#2221,#2222,#2223,#2224,#2225,#2226,#2227,#2228,#2229,
#2230,#2231,#2232,#2233,#2234,#2235,#2236,#2237,#2238,#2239,#2240,#2241,
#2242,#2243,#2244,#2245,#2246,#2247,#2248,#2249,#2250,#2251,#2252,#2253,
#2254,#2255,#2256,#2257,#2258,#2259,#2260,#2261,#2262,#2263,#2264,#2265,
#2266,#2267));
#2271=STYLED_ITEM('',(#2274),#2295);
#2272=STYLED_ITEM('',(#2275),#2296);
#2273=STYLED_ITEM('',(#2276),#2297);
#2274=PRESENTATION_STYLE_ASSIGNMENT((#2277));
#2275=PRESENTATION_STYLE_ASSIGNMENT((#2278));
#2276=PRESENTATION_STYLE_ASSIGNMENT((#2279));
#2277=SURFACE_STYLE_USAGE(.BOTH.,#2280);
#2278=SURFACE_STYLE_USAGE(.BOTH.,#2281);
#2279=SURFACE_STYLE_USAGE(.BOTH.,#2282);
#2280=SURFACE_SIDE_STYLE('',(#2283));
#2281=SURFACE_SIDE_STYLE('',(#2284));
#2282=SURFACE_SIDE_STYLE('',(#2285));
#2283=SURFACE_STYLE_FILL_AREA(#2286);
#2284=SURFACE_STYLE_FILL_AREA(#2287);
#2285=SURFACE_STYLE_FILL_AREA(#2288);
#2286=FILL_AREA_STYLE('',(#2289));
#2287=FILL_AREA_STYLE('',(#2290));
#2288=FILL_AREA_STYLE('',(#2291));
#2289=FILL_AREA_STYLE_COLOUR('',#2292);
#2290=FILL_AREA_STYLE_COLOUR('',#2293);
#2291=FILL_AREA_STYLE_COLOUR('',#2294);
#2292=COLOUR_RGB('',0.768627450980392,0.886274509803922,0.952941176470588);
#2293=COLOUR_RGB('',0.647058823529412,0.647058823529412,0.647058823529412);
#2294=COLOUR_RGB('',0.917647058823529,0.917647058823529,0.917647058823529);
#2295=MANIFOLD_SOLID_BREP('Part 3',#2268);
#2296=MANIFOLD_SOLID_BREP('Part 1',#2269);
#2297=MANIFOLD_SOLID_BREP('Part 2',#2270);
#2298=SHAPE_DEFINITION_REPRESENTATION(#3714,#2301);
#2299=SHAPE_DEFINITION_REPRESENTATION(#3715,#2302);
#2300=SHAPE_DEFINITION_REPRESENTATION(#3716,#2303);
#2301=SHAPE_REPRESENTATION('Part 3',(#2304),#3699);
#2302=SHAPE_REPRESENTATION('Part 1',(#2349),#3700);
#2303=SHAPE_REPRESENTATION('Part 2',(#2388),#3701);
#2304=AXIS2_PLACEMENT_3D('',#3061,#2471,#2472);
#2305=AXIS2_PLACEMENT_3D('',#3062,#2473,#2474);
#2306=AXIS2_PLACEMENT_3D('',#3087,#2487,#2488);
#2307=AXIS2_PLACEMENT_3D('',#3097,#2493,#2494);
#2308=AXIS2_PLACEMENT_3D('',#3099,#2495,#2496);
#2309=AXIS2_PLACEMENT_3D('',#3108,#2501,#2502);
#2310=AXIS2_PLACEMENT_3D('',#3118,#2507,#2508);
#2311=AXIS2_PLACEMENT_3D('',#3120,#2509,#2510);
#2312=AXIS2_PLACEMENT_3D('',#3131,#2517,#2518);
#2313=AXIS2_PLACEMENT_3D('',#3140,#2524,#2525);
#2314=AXIS2_PLACEMENT_3D('',#3149,#2531,#2532);
#2315=AXIS2_PLACEMENT_3D('',#3150,#2533,#2534);
#2316=AXIS2_PLACEMENT_3D('',#3153,#2537,#2538);
#2317=AXIS2_PLACEMENT_3D('',#3156,#2541,#2542);
#2318=AXIS2_PLACEMENT_3D('',#3157,#2543,#2544);
#2319=AXIS2_PLACEMENT_3D('',#3161,#2547,#2548);
#2320=AXIS2_PLACEMENT_3D('',#3163,#2550,#2551);
#2321=AXIS2_PLACEMENT_3D('',#3164,#2552,#2553);
#2322=AXIS2_PLACEMENT_3D('',#3166,#2554,#2555);
#2323=AXIS2_PLACEMENT_3D('',#3170,#2558,#2559);
#2324=AXIS2_PLACEMENT_3D('',#3172,#2561,#2562);
#2325=AXIS2_PLACEMENT_3D('',#3173,#2563,#2564);
#2326=AXIS2_PLACEMENT_3D('',#3175,#2565,#2566);
#2327=AXIS2_PLACEMENT_3D('',#3176,#2567,#2568);
#2328=AXIS2_PLACEMENT_3D('',#3178,#2569,#2570);
#2329=AXIS2_PLACEMENT_3D('',#3179,#2571,#2572);
#2330=AXIS2_PLACEMENT_3D('',#3180,#2573,#2574);
#2331=AXIS2_PLACEMENT_3D('',#3182,#2575,#2576);
#2332=AXIS2_PLACEMENT_3D('',#3183,#2577,#2578);
#2333=AXIS2_PLACEMENT_3D('',#3190,#2583,#2584);
#2334=AXIS2_PLACEMENT_3D('',#3191,#2585,#2586);
#2335=AXIS2_PLACEMENT_3D('',#3192,#2587,#2588);
#2336=AXIS2_PLACEMENT_3D('',#3196,#2591,#2592);
#2337=AXIS2_PLACEMENT_3D('',#3198,#2594,#2595);
#2338=AXIS2_PLACEMENT_3D('',#3199,#2596,#2597);
#2339=AXIS2_PLACEMENT_3D('',#3201,#2598,#2599);
#2340=AXIS2_PLACEMENT_3D('',#3205,#2602,#2603);
#2341=AXIS2_PLACEMENT_3D('',#3207,#2605,#2606);
#2342=AXIS2_PLACEMENT_3D('',#3208,#2607,#2608);
#2343=AXIS2_PLACEMENT_3D('',#3210,#2609,#2610);
#2344=AXIS2_PLACEMENT_3D('',#3211,#2611,#2612);
#2345=AXIS2_PLACEMENT_3D('',#3213,#2613,#2614);
#2346=AXIS2_PLACEMENT_3D('',#3214,#2615,#2616);
#2347=AXIS2_PLACEMENT_3D('',#3215,#2617,#2618);
#2348=AXIS2_PLACEMENT_3D('',#3217,#2619,#2620);
#2349=AXIS2_PLACEMENT_3D('',#3218,#2621,#2622);
#2350=AXIS2_PLACEMENT_3D('',#3219,#2623,#2624);
#2351=AXIS2_PLACEMENT_3D('',#3260,#2645,#2646);
#2352=AXIS2_PLACEMENT_3D('',#3277,#2655,#2656);
#2353=AXIS2_PLACEMENT_3D('',#3279,#2657,#2658);
#2354=AXIS2_PLACEMENT_3D('',#3281,#2659,#2660);
#2355=AXIS2_PLACEMENT_3D('',#3283,#2661,#2662);
#2356=AXIS2_PLACEMENT_3D('',#3293,#2667,#2668);
#2357=AXIS2_PLACEMENT_3D('',#3304,#2675,#2676);
#2358=AXIS2_PLACEMENT_3D('',#3313,#2682,#2683);
#2359=AXIS2_PLACEMENT_3D('',#3314,#2684,#2685);
#2360=AXIS2_PLACEMENT_3D('',#3316,#2686,#2687);
#2361=AXIS2_PLACEMENT_3D('',#3325,#2693,#2694);
#2362=AXIS2_PLACEMENT_3D('',#3326,#2695,#2696);
#2363=AXIS2_PLACEMENT_3D('',#3328,#2697,#2698);
#2364=AXIS2_PLACEMENT_3D('',#3335,#2703,#2704);
#2365=AXIS2_PLACEMENT_3D('',#3336,#2705,#2706);
#2366=AXIS2_PLACEMENT_3D('',#3338,#2707,#2708);
#2367=AXIS2_PLACEMENT_3D('',#3339,#2709,#2710);
#2368=AXIS2_PLACEMENT_3D('',#3341,#2711,#2712);
#2369=AXIS2_PLACEMENT_3D('',#3345,#2715,#2716);
#2370=AXIS2_PLACEMENT_3D('',#3347,#2718,#2719);
#2371=AXIS2_PLACEMENT_3D('',#3348,#2720,#2721);
#2372=AXIS2_PLACEMENT_3D('',#3352,#2724,#2725);
#2373=AXIS2_PLACEMENT_3D('',#3354,#2727,#2728);
#2374=AXIS2_PLACEMENT_3D('',#3355,#2729,#2730);
#2375=AXIS2_PLACEMENT_3D('',#3359,#2733,#2734);
#2376=AXIS2_PLACEMENT_3D('',#3361,#2736,#2737);
#2377=AXIS2_PLACEMENT_3D('',#3362,#2738,#2739);
#2378=AXIS2_PLACEMENT_3D('',#3366,#2742,#2743);
#2379=AXIS2_PLACEMENT_3D('',#3368,#2745,#2746);
#2380=AXIS2_PLACEMENT_3D('',#3369,#2747,#2748);
#2381=AXIS2_PLACEMENT_3D('',#3372,#2751,#2752);
#2382=AXIS2_PLACEMENT_3D('',#3374,#2754,#2755);
#2383=AXIS2_PLACEMENT_3D('',#3376,#2757,#2758);
#2384=AXIS2_PLACEMENT_3D('',#3377,#2759,#2760);
#2385=AXIS2_PLACEMENT_3D('',#3380,#2763,#2764);
#2386=AXIS2_PLACEMENT_3D('',#3382,#2766,#2767);
#2387=AXIS2_PLACEMENT_3D('',#3384,#2769,#2770);
#2388=AXIS2_PLACEMENT_3D('',#3385,#2771,#2772);
#2389=AXIS2_PLACEMENT_3D('',#3386,#2773,#2774);
#2390=AXIS2_PLACEMENT_3D('',#3427,#2795,#2796);
#2391=AXIS2_PLACEMENT_3D('',#3433,#2800,#2801);
#2392=AXIS2_PLACEMENT_3D('',#3442,#2806,#2807);
#2393=AXIS2_PLACEMENT_3D('',#3459,#2816,#2817);
#2394=AXIS2_PLACEMENT_3D('',#3460,#2818,#2819);
#2395=AXIS2_PLACEMENT_3D('',#3476,#2828,#2829);
#2396=AXIS2_PLACEMENT_3D('',#3487,#2836,#2837);
#2397=AXIS2_PLACEMENT_3D('',#3491,#2840,#2841);
#2398=AXIS2_PLACEMENT_3D('',#3492,#2842,#2843);
#2399=AXIS2_PLACEMENT_3D('',#3500,#2847,#2848);
#2400=AXIS2_PLACEMENT_3D('',#3501,#2849,#2850);
#2401=AXIS2_PLACEMENT_3D('',#3504,#2853,#2854);
#2402=AXIS2_PLACEMENT_3D('',#3516,#2861,#2862);
#2403=AXIS2_PLACEMENT_3D('',#3517,#2863,#2864);
#2404=AXIS2_PLACEMENT_3D('',#3522,#2868,#2869);
#2405=AXIS2_PLACEMENT_3D('',#3524,#2870,#2871);
#2406=AXIS2_PLACEMENT_3D('',#3525,#2872,#2873);
#2407=AXIS2_PLACEMENT_3D('',#3526,#2874,#2875);
#2408=AXIS2_PLACEMENT_3D('',#3529,#2877,#2878);
#2409=AXIS2_PLACEMENT_3D('',#3530,#2879,#2880);
#2410=AXIS2_PLACEMENT_3D('',#3531,#2881,#2882);
#2411=AXIS2_PLACEMENT_3D('',#3535,#2885,#2886);
#2412=AXIS2_PLACEMENT_3D('',#3537,#2888,#2889);
#2413=AXIS2_PLACEMENT_3D('',#3538,#2890,#2891);
#2414=AXIS2_PLACEMENT_3D('',#3540,#2892,#2893);
#2415=AXIS2_PLACEMENT_3D('',#3541,#2894,#2895);
#2416=AXIS2_PLACEMENT_3D('',#3543,#2896,#2897);
#2417=AXIS2_PLACEMENT_3D('',#3544,#2898,#2899);
#2418=AXIS2_PLACEMENT_3D('',#3546,#2901,#2902);
#2419=AXIS2_PLACEMENT_3D('',#3555,#2908,#2909);
#2420=AXIS2_PLACEMENT_3D('',#3557,#2911,#2912);
#2421=AXIS2_PLACEMENT_3D('',#3558,#2913,#2914);
#2422=AXIS2_PLACEMENT_3D('',#3559,#2915,#2916);
#2423=AXIS2_PLACEMENT_3D('',#3562,#2918,#2919);
#2424=AXIS2_PLACEMENT_3D('',#3563,#2920,#2921);
#2425=AXIS2_PLACEMENT_3D('',#3564,#2922,#2923);
#2426=AXIS2_PLACEMENT_3D('',#3568,#2926,#2927);
#2427=AXIS2_PLACEMENT_3D('',#3570,#2929,#2930);
#2428=AXIS2_PLACEMENT_3D('',#3571,#2931,#2932);
#2429=AXIS2_PLACEMENT_3D('',#3573,#2933,#2934);
#2430=AXIS2_PLACEMENT_3D('',#3574,#2935,#2936);
#2431=AXIS2_PLACEMENT_3D('',#3576,#2937,#2938);
#2432=AXIS2_PLACEMENT_3D('',#3577,#2939,#2940);
#2433=AXIS2_PLACEMENT_3D('',#3583,#2944,#2945);
#2434=AXIS2_PLACEMENT_3D('',#3592,#2950,#2951);
#2435=AXIS2_PLACEMENT_3D('',#3606,#2959,#2960);
#2436=AXIS2_PLACEMENT_3D('',#3607,#2961,#2962);
#2437=AXIS2_PLACEMENT_3D('',#3619,#2969,#2970);
#2438=AXIS2_PLACEMENT_3D('',#3620,#2971,#2972);
#2439=AXIS2_PLACEMENT_3D('',#3628,#2976,#2977);
#2440=AXIS2_PLACEMENT_3D('',#3629,#2978,#2979);
#2441=AXIS2_PLACEMENT_3D('',#3632,#2982,#2983);
#2442=AXIS2_PLACEMENT_3D('',#3644,#2990,#2991);
#2443=AXIS2_PLACEMENT_3D('',#3645,#2992,#2993);
#2444=AXIS2_PLACEMENT_3D('',#3650,#2997,#2998);
#2445=AXIS2_PLACEMENT_3D('',#3652,#2999,#3000);
#2446=AXIS2_PLACEMENT_3D('',#3653,#3001,#3002);
#2447=AXIS2_PLACEMENT_3D('',#3654,#3003,#3004);
#2448=AXIS2_PLACEMENT_3D('',#3657,#3006,#3007);
#2449=AXIS2_PLACEMENT_3D('',#3658,#3008,#3009);
#2450=AXIS2_PLACEMENT_3D('',#3659,#3010,#3011);
#2451=AXIS2_PLACEMENT_3D('',#3663,#3014,#3015);
#2452=AXIS2_PLACEMENT_3D('',#3665,#3017,#3018);
#2453=AXIS2_PLACEMENT_3D('',#3666,#3019,#3020);
#2454=AXIS2_PLACEMENT_3D('',#3668,#3021,#3022);
#2455=AXIS2_PLACEMENT_3D('',#3669,#3023,#3024);
#2456=AXIS2_PLACEMENT_3D('',#3671,#3025,#3026);
#2457=AXIS2_PLACEMENT_3D('',#3672,#3027,#3028);
#2458=AXIS2_PLACEMENT_3D('',#3674,#3030,#3031);
#2459=AXIS2_PLACEMENT_3D('',#3676,#3033,#3034);
#2460=AXIS2_PLACEMENT_3D('',#3677,#3035,#3036);
#2461=AXIS2_PLACEMENT_3D('',#3678,#3037,#3038);
#2462=AXIS2_PLACEMENT_3D('',#3681,#3040,#3041);
#2463=AXIS2_PLACEMENT_3D('',#3682,#3042,#3043);
#2464=AXIS2_PLACEMENT_3D('',#3683,#3044,#3045);
#2465=AXIS2_PLACEMENT_3D('',#3687,#3048,#3049);
#2466=AXIS2_PLACEMENT_3D('',#3689,#3051,#3052);
#2467=AXIS2_PLACEMENT_3D('',#3690,#3053,#3054);
#2468=AXIS2_PLACEMENT_3D('',#3692,#3055,#3056);
#2469=AXIS2_PLACEMENT_3D('',#3693,#3057,#3058);
#2470=AXIS2_PLACEMENT_3D('',#3695,#3059,#3060);
#2471=DIRECTION('',(0.,0.,1.));
#2472=DIRECTION('',(1.,0.,0.));
#2473=DIRECTION('',(0.,0.,1.));
#2474=DIRECTION('',(1.,0.,0.));
#2475=DIRECTION('',(1.,0.,0.));
#2476=DIRECTION('',(9.57088814332032E-16,1.,0.));
#2477=DIRECTION('',(-1.,9.57088814332032E-16,0.));
#2478=DIRECTION('',(-4.78544407166016E-16,-1.,0.));
#2479=DIRECTION('',(-1.,3.19029604777336E-17,0.));
#2480=DIRECTION('',(-9.57088814332032E-16,-1.,0.));
#2481=DIRECTION('',(1.,0.,0.));
#2482=DIRECTION('',(0.,-1.,0.));
#2483=DIRECTION('',(1.,-9.25185853854298E-16,0.));
#2484=DIRECTION('',(-4.78544407166016E-16,-1.,0.));
#2485=DIRECTION('',(1.,0.,0.));
#2486=DIRECTION('',(0.,1.,0.));
#2487=DIRECTION('',(0.,0.,1.));
#2488=DIRECTION('',(1.,0.,0.));
#2489=DIRECTION('',(9.57088814332032E-16,1.,0.));
#2490=DIRECTION('',(-1.,0.,0.));
#2491=DIRECTION('',(0.,1.,0.));
#2492=DIRECTION('',(-1.,-2.47817639425258E-16,0.));
#2493=DIRECTION('',(0.,0.,-1.));
#2494=DIRECTION('',(-1.,9.57088814332032E-16,0.));
#2495=DIRECTION('',(0.,0.,1.));
#2496=DIRECTION('',(1.,0.,0.));
#2497=DIRECTION('',(-4.78544407166016E-16,-1.,0.));
#2498=DIRECTION('',(1.,0.,0.));
#2499=DIRECTION('',(-4.78544407166016E-16,-1.,0.));
#2500=DIRECTION('',(1.,0.,0.));
#2501=DIRECTION('',(0.,0.,1.));
#2502=DIRECTION('',(1.,0.,0.));
#2503=DIRECTION('',(-1.,0.,0.));
#2504=DIRECTION('',(9.57088814332032E-16,1.,0.));
#2505=DIRECTION('',(-1.,-2.47817639425258E-16,0.));
#2506=DIRECTION('',(0.,1.,0.));
#2507=DIRECTION('',(0.,0.,-1.));
#2508=DIRECTION('',(-1.,9.57088814332032E-16,0.));
#2509=DIRECTION('',(0.,1.,0.));
#2510=DIRECTION('',(0.,0.,1.));
#2511=DIRECTION('',(0.,0.,-1.));
#2512=DIRECTION('',(1.,0.,0.));
#2513=DIRECTION('',(0.,0.,-1.));
#2514=DIRECTION('',(0.,0.,-1.));
#2515=DIRECTION('',(-1.,9.57088814332032E-16,0.));
#2516=DIRECTION('',(0.,0.,-1.));
#2517=DIRECTION('',(1.,-4.78544407166016E-16,0.));
#2518=DIRECTION('',(4.78544407166016E-16,1.,0.));
#2519=DIRECTION('',(0.,0.,-1.));
#2520=DIRECTION('',(-4.78544407166016E-16,-1.,0.));
#2521=DIRECTION('',(0.,0.,-1.));
#2522=DIRECTION('',(0.,0.,-1.));
#2523=DIRECTION('',(-4.78544407166016E-16,-1.,0.));
#2524=DIRECTION('',(0.,1.,0.));
#2525=DIRECTION('',(0.,0.,1.));
#2526=DIRECTION('',(0.,0.,-1.));
#2527=DIRECTION('',(-1.,9.57088814332032E-16,0.));
#2528=DIRECTION('',(0.,0.,-1.));
#2529=DIRECTION('',(0.,0.,-1.));
#2530=DIRECTION('',(1.,0.,0.));
#2531=DIRECTION('',(0.,0.,1.));
#2532=DIRECTION('',(1.,0.,0.));
#2533=DIRECTION('',(0.,1.,0.));
#2534=DIRECTION('',(0.,0.,1.));
#2535=DIRECTION('',(0.,0.,1.));
#2536=DIRECTION('',(0.,0.,1.));
#2537=DIRECTION('',(-2.47817639425258E-16,1.,0.));
#2538=DIRECTION('',(-1.,-2.47817639425258E-16,0.));
#2539=DIRECTION('',(0.,0.,1.));
#2540=DIRECTION('',(0.,0.,1.));
#2541=DIRECTION('',(1.,0.,0.));
#2542=DIRECTION('',(0.,0.,-1.));
#2543=DIRECTION('',(9.25185853854298E-16,1.,0.));
#2544=DIRECTION('',(-1.,9.25185853854298E-16,0.));
#2545=DIRECTION('',(0.,0.,-1.));
#2546=DIRECTION('',(1.,-9.25185853854298E-16,0.));
#2547=DIRECTION('',(1.,0.,0.));
#2548=DIRECTION('',(0.,0.,-1.));
#2549=DIRECTION('',(0.,-1.,0.));
#2550=DIRECTION('',(0.,0.,1.));
#2551=DIRECTION('',(1.,0.,0.));
#2552=DIRECTION('',(0.,0.,1.));
#2553=DIRECTION('',(1.,0.,0.));
#2554=DIRECTION('',(0.,1.,0.));
#2555=DIRECTION('',(0.,0.,1.));
#2556=DIRECTION('',(1.,0.,0.));
#2557=DIRECTION('',(0.,0.,-1.));
#2558=DIRECTION('',(-1.,0.,0.));
#2559=DIRECTION('',(0.,0.,1.));
#2560=DIRECTION('',(0.,1.,0.));
#2561=DIRECTION('',(0.,0.,1.));
#2562=DIRECTION('',(1.,0.,0.));
#2563=DIRECTION('',(0.,0.,1.));
#2564=DIRECTION('',(1.,0.,0.));
#2565=DIRECTION('',(0.,0.,1.));
#2566=DIRECTION('',(1.,0.,0.));
#2567=DIRECTION('',(0.,0.,1.));
#2568=DIRECTION('',(1.,0.,0.));
#2569=DIRECTION('',(0.,0.,1.));
#2570=DIRECTION('',(1.,0.,0.));
#2571=DIRECTION('',(0.,0.,1.));
#2572=DIRECTION('',(1.,0.,0.));
#2573=DIRECTION('',(0.,0.,1.));
#2574=DIRECTION('',(1.,0.,0.));
#2575=DIRECTION('',(0.,0.,1.));
#2576=DIRECTION('',(1.,0.,0.));
#2577=DIRECTION('',(-1.,4.78544407166016E-16,0.));
#2578=DIRECTION('',(4.78544407166016E-16,1.,0.));
#2579=DIRECTION('',(-4.78544407166016E-16,-1.,0.));
#2580=DIRECTION('',(0.,0.,-1.));
#2581=DIRECTION('',(0.,0.,-1.));
#2582=DIRECTION('',(-4.78544407166016E-16,-1.,0.));
#2583=DIRECTION('',(0.,0.,1.));
#2584=DIRECTION('',(-1.,9.57088814332032E-16,0.));
#2585=DIRECTION('',(-1.,9.57088814332032E-16,0.));
#2586=DIRECTION('',(0.,0.,-1.));
#2587=DIRECTION('',(3.19029604777336E-17,1.,0.));
#2588=DIRECTION('',(1.,-3.19029604777336E-17,0.));
#2589=DIRECTION('',(-1.,3.19029604777336E-17,0.));
#2590=DIRECTION('',(0.,0.,-1.));
#2591=DIRECTION('',(-1.,9.57088814332032E-16,0.));
#2592=DIRECTION('',(0.,0.,-1.));
#2593=DIRECTION('',(-9.57088814332032E-16,-1.,0.));
#2594=DIRECTION('',(0.,0.,1.));
#2595=DIRECTION('',(-1.,9.57088814332032E-16,0.));
#2596=DIRECTION('',(0.,0.,-1.));
#2597=DIRECTION('',(-1.,9.57088814332032E-16,0.));
#2598=DIRECTION('',(9.57088814332032E-16,1.,0.));
#2599=DIRECTION('',(0.,0.,1.));
#2600=DIRECTION('',(0.,0.,-1.));
#2601=DIRECTION('',(-1.,9.57088814332032E-16,0.));
#2602=DIRECTION('',(1.,-9.57088814332032E-16,0.));
#2603=DIRECTION('',(0.,0.,1.));
#2604=DIRECTION('',(9.57088814332032E-16,1.,0.));
#2605=DIRECTION('',(0.,0.,1.));
#2606=DIRECTION('',(-1.,9.57088814332032E-16,0.));
#2607=DIRECTION('',(0.,0.,-1.));
#2608=DIRECTION('',(-1.,9.57088814332032E-16,0.));
#2609=DIRECTION('',(0.,0.,1.));
#2610=DIRECTION('',(-1.,9.57088814332032E-16,0.));
#2611=DIRECTION('',(0.,0.,-1.));
#2612=DIRECTION('',(-1.,9.57088814332032E-16,0.));
#2613=DIRECTION('',(0.,0.,1.));
#2614=DIRECTION('',(-1.,9.57088814332032E-16,0.));
#2615=DIRECTION('',(0.,0.,1.));
#2616=DIRECTION('',(-1.,9.57088814332032E-16,0.));
#2617=DIRECTION('',(0.,0.,-1.));
#2618=DIRECTION('',(-1.,9.57088814332032E-16,0.));
#2619=DIRECTION('',(0.,0.,1.));
#2620=DIRECTION('',(-1.,9.57088814332032E-16,0.));
#2621=DIRECTION('',(0.,0.,1.));
#2622=DIRECTION('',(1.,0.,0.));
#2623=DIRECTION('',(0.,0.,1.));
#2624=DIRECTION('',(6.12323399573677E-17,1.,0.));
#2625=DIRECTION('',(1.,-3.69627624575467E-16,0.));
#2626=DIRECTION('',(-9.25185853854297E-16,-1.,0.));
#2627=DIRECTION('',(1.,-6.93889390390724E-16,0.));
#2628=DIRECTION('',(-3.00504543540375E-16,-1.,0.));
#2629=DIRECTION('',(1.,0.,0.));
#2630=DIRECTION('',(0.,1.,0.));
#2631=DIRECTION('',(1.,2.47162944660732E-16,0.));
#2632=DIRECTION('',(1.8503717077086E-15,1.,0.));
#2633=DIRECTION('',(-1.,9.25185853854298E-16,0.));
#2634=DIRECTION('',(-3.00504543540375E-16,-1.,0.));
#2635=DIRECTION('',(-1.,2.31296463463574E-16,0.));
#2636=DIRECTION('',(0.,-1.,0.));
#2637=DIRECTION('',(0.,-1.,0.));
#2638=DIRECTION('',(1.,0.,0.));
#2639=DIRECTION('',(0.,-1.,0.));
#2640=DIRECTION('',(1.,0.,0.));
#2641=DIRECTION('',(0.,-1.,0.));
#2642=DIRECTION('',(1.,0.,0.));
#2643=DIRECTION('',(0.,-1.,0.));
#2644=DIRECTION('',(1.,0.,0.));
#2645=DIRECTION('',(0.,0.,1.));
#2646=DIRECTION('',(6.12323399573677E-17,1.,0.));
#2647=DIRECTION('',(1.,0.,0.));
#2648=DIRECTION('',(0.,-1.,0.));
#2649=DIRECTION('',(1.,0.,0.));
#2650=DIRECTION('',(0.,-1.,0.));
#2651=DIRECTION('',(-3.00504543540375E-16,-1.,0.));
#2652=DIRECTION('',(1.,-3.69627624575467E-16,0.));
#2653=DIRECTION('',(-3.00504543540375E-16,-1.,0.));
#2654=DIRECTION('',(1.,2.47162944660732E-16,0.));
#2655=DIRECTION('',(0.,0.,1.));
#2656=DIRECTION('',(6.12323399573677E-17,1.,0.));
#2657=DIRECTION('',(0.,0.,-1.));
#2658=DIRECTION('',(6.12323399573677E-17,1.,0.));
#2659=DIRECTION('',(0.,0.,-1.));
#2660=DIRECTION('',(-6.12323399573677E-17,-1.,0.));
#2661=DIRECTION('',(0.,0.,1.));
#2662=DIRECTION('',(-6.12323399573677E-17,-1.,0.));
#2663=DIRECTION('',(1.,0.,0.));
#2664=DIRECTION('',(0.,-1.,0.));
#2665=DIRECTION('',(1.,0.,0.));
#2666=DIRECTION('',(0.,-1.,0.));
#2667=DIRECTION('',(1.,-3.00504543540375E-16,0.));
#2668=DIRECTION('',(3.00504543540375E-16,1.,0.));
#2669=DIRECTION('',(0.,0.,-1.));
#2670=DIRECTION('',(-3.00504543540375E-16,-1.,0.));
#2671=DIRECTION('',(0.,0.,-1.));
#2672=DIRECTION('',(0.,0.,-1.));
#2673=DIRECTION('',(-3.00504543540375E-16,-1.,0.));
#2674=DIRECTION('',(0.,0.,-1.));
#2675=DIRECTION('',(-2.47162944660732E-16,1.,0.));
#2676=DIRECTION('',(-1.,-2.47162944660732E-16,0.));
#2677=DIRECTION('',(0.,0.,-1.));
#2678=DIRECTION('',(1.,2.47162944660732E-16,0.));
#2679=DIRECTION('',(0.,0.,-1.));
#2680=DIRECTION('',(0.,0.,-1.));
#2681=DIRECTION('',(1.,2.47162944660732E-16,0.));
#2682=DIRECTION('',(0.,0.,-1.));
#2683=DIRECTION('',(-6.12323399573677E-17,-1.,0.));
#2684=DIRECTION('',(0.,0.,1.));
#2685=DIRECTION('',(6.12323399573677E-17,1.,0.));
#2686=DIRECTION('',(1.,-3.00504543540375E-16,0.));
#2687=DIRECTION('',(3.00504543540375E-16,1.,0.));
#2688=DIRECTION('',(0.,0.,-1.));
#2689=DIRECTION('',(-3.00504543540375E-16,-1.,0.));
#2690=DIRECTION('',(0.,0.,-1.));
#2691=DIRECTION('',(0.,0.,-1.));
#2692=DIRECTION('',(-3.00504543540375E-16,-1.,0.));
#2693=DIRECTION('',(0.,0.,-1.));
#2694=DIRECTION('',(-6.12323399573677E-17,-1.,0.));
#2695=DIRECTION('',(0.,0.,-1.));
#2696=DIRECTION('',(6.12323399573677E-17,1.,0.));
#2697=DIRECTION('',(-3.69627624575467E-16,-1.,0.));
#2698=DIRECTION('',(-1.,3.69627624575467E-16,0.));
#2699=DIRECTION('',(1.,-3.69627624575467E-16,0.));
#2700=DIRECTION('',(0.,0.,-1.));
#2701=DIRECTION('',(0.,0.,-1.));
#2702=DIRECTION('',(1.,-3.69627624575467E-16,0.));
#2703=DIRECTION('',(0.,0.,-1.));
#2704=DIRECTION('',(6.12323399573677E-17,1.,0.));
#2705=DIRECTION('',(0.,0.,-1.));
#2706=DIRECTION('',(-6.12323399573677E-17,-1.,0.));
#2707=DIRECTION('',(0.,0.,-1.));
#2708=DIRECTION('',(6.12323399573677E-17,1.,0.));
#2709=DIRECTION('',(0.,0.,1.));
#2710=DIRECTION('',(-6.12323399573677E-17,-1.,0.));
#2711=DIRECTION('',(0.,1.,0.));
#2712=DIRECTION('',(0.,0.,1.));
#2713=DIRECTION('',(1.,0.,0.));
#2714=DIRECTION('',(0.,0.,-1.));
#2715=DIRECTION('',(-1.,0.,0.));
#2716=DIRECTION('',(0.,0.,1.));
#2717=DIRECTION('',(0.,1.,0.));
#2718=DIRECTION('',(0.,0.,1.));
#2719=DIRECTION('',(1.,0.,0.));
#2720=DIRECTION('',(-1.,1.8503717077086E-15,0.));
#2721=DIRECTION('',(-1.8503717077086E-15,-1.,0.));
#2722=DIRECTION('',(1.8503717077086E-15,1.,0.));
#2723=DIRECTION('',(0.,0.,-1.));
#2724=DIRECTION('',(-9.25185853854298E-16,-1.,0.));
#2725=DIRECTION('',(1.,-9.25185853854298E-16,0.));
#2726=DIRECTION('',(-1.,9.25185853854298E-16,0.));
#2727=DIRECTION('',(0.,0.,1.));
#2728=DIRECTION('',(1.,0.,0.));
#2729=DIRECTION('',(-2.31296463463574E-16,-1.,0.));
#2730=DIRECTION('',(1.,-2.31296463463574E-16,0.));
#2731=DIRECTION('',(-1.,2.31296463463574E-16,0.));
#2732=DIRECTION('',(0.,0.,-1.));
#2733=DIRECTION('',(1.,0.,0.));
#2734=DIRECTION('',(0.,0.,-1.));
#2735=DIRECTION('',(0.,-1.,0.));
#2736=DIRECTION('',(0.,0.,1.));
#2737=DIRECTION('',(1.,0.,0.));
#2738=DIRECTION('',(6.93889390390724E-16,1.,0.));
#2739=DIRECTION('',(-1.,6.93889390390724E-16,0.));
#2740=DIRECTION('',(0.,0.,-1.));
#2741=DIRECTION('',(1.,-6.93889390390724E-16,0.));
#2742=DIRECTION('',(1.,-9.25185853854297E-16,0.));
#2743=DIRECTION('',(9.25185853854297E-16,1.,0.));
#2744=DIRECTION('',(-9.25185853854297E-16,-1.,0.));
#2745=DIRECTION('',(0.,0.,1.));
#2746=DIRECTION('',(1.,0.,0.));
#2747=DIRECTION('',(0.,-1.,0.));
#2748=DIRECTION('',(0.,0.,-1.));
#2749=DIRECTION('',(0.,0.,1.));
#2750=DIRECTION('',(0.,0.,1.));
#2751=DIRECTION('',(-1.,0.,0.));
#2752=DIRECTION('',(0.,0.,1.));
#2753=DIRECTION('',(0.,0.,1.));
#2754=DIRECTION('',(0.,-1.,0.));
#2755=DIRECTION('',(0.,0.,-1.));
#2756=DIRECTION('',(0.,0.,1.));
#2757=DIRECTION('',(-1.,0.,0.));
#2758=DIRECTION('',(0.,0.,1.));
#2759=DIRECTION('',(0.,-1.,0.));
#2760=DIRECTION('',(0.,0.,-1.));
#2761=DIRECTION('',(0.,0.,1.));
#2762=DIRECTION('',(0.,0.,1.));
#2763=DIRECTION('',(-1.,0.,0.));
#2764=DIRECTION('',(0.,0.,1.));
#2765=DIRECTION('',(0.,0.,1.));
#2766=DIRECTION('',(0.,-1.,0.));
#2767=DIRECTION('',(0.,0.,-1.));
#2768=DIRECTION('',(0.,0.,1.));
#2769=DIRECTION('',(-1.,0.,0.));
#2770=DIRECTION('',(0.,0.,1.));
#2771=DIRECTION('',(0.,0.,1.));
#2772=DIRECTION('',(1.,0.,0.));
#2773=DIRECTION('',(0.,0.,1.));
#2774=DIRECTION('',(1.,0.,0.));
#2775=DIRECTION('',(-1.,-1.54197642309049E-16,0.));
#2776=DIRECTION('',(0.,-1.,0.));
#2777=DIRECTION('',(1.,0.,0.));
#2778=DIRECTION('',(-2.39272203583008E-16,1.,0.));
#2779=DIRECTION('',(1.,0.,0.));
#2780=DIRECTION('',(0.,1.,0.));
#2781=DIRECTION('',(-1.,1.54197642309049E-16,0.));
#2782=DIRECTION('',(6.93889390390723E-17,1.,0.));
#2783=DIRECTION('',(1.,0.,0.));
#2784=DIRECTION('',(-6.93889390390723E-17,1.,0.));
#2785=DIRECTION('',(1.,1.54197642309049E-16,0.));
#2786=DIRECTION('',(0.,1.,0.));
#2787=DIRECTION('',(-1.,0.,0.));
#2788=DIRECTION('',(2.39272203583008E-16,1.,0.));
#2789=DIRECTION('',(-1.,0.,0.));
#2790=DIRECTION('',(0.,-1.,0.));
#2791=DIRECTION('',(1.,-1.54197642309049E-16,0.));
#2792=DIRECTION('',(-6.93889390390723E-17,-1.,0.));
#2793=DIRECTION('',(1.,0.,0.));
#2794=DIRECTION('',(6.93889390390723E-17,-1.,0.));
#2795=DIRECTION('',(1.,6.93889390390723E-17,0.));
#2796=DIRECTION('',(-6.93889390390723E-17,1.,0.));
#2797=DIRECTION('',(6.93889390390723E-17,-1.,0.));
#2798=DIRECTION('',(0.,0.,-1.));
#2799=DIRECTION('',(0.,0.,-1.));
#2800=DIRECTION('',(0.,0.,1.));
#2801=DIRECTION('',(1.,0.,0.));
#2802=DIRECTION('',(-1.,-1.54197642309049E-16,0.));
#2803=DIRECTION('',(8.67361737988404E-17,-1.,0.));
#2804=DIRECTION('',(1.,0.,0.));
#2805=DIRECTION('',(-8.67361737988404E-17,-1.,0.));
#2806=DIRECTION('',(1.54197642309049E-16,-1.,0.));
#2807=DIRECTION('',(1.,1.54197642309049E-16,0.));
#2808=DIRECTION('',(-1.,-1.54197642309049E-16,0.));
#2809=DIRECTION('',(0.,0.,-1.));
#2810=DIRECTION('',(-1.,-1.54197642309049E-16,0.));
#2811=DIRECTION('',(0.,0.,-1.));
#2812=DIRECTION('',(1.,6.93889390390723E-17,0.));
#2813=DIRECTION('',(0.,0.,-1.));
#2814=DIRECTION('',(-1.,-1.54197642309049E-16,0.));
#2815=DIRECTION('',(0.,0.,-1.));
#2816=DIRECTION('',(1.54197642309049E-16,-1.,0.));
#2817=DIRECTION('',(1.,1.54197642309049E-16,0.));
#2818=DIRECTION('',(1.54197642309049E-16,1.,0.));
#2819=DIRECTION('',(-1.,1.54197642309049E-16,0.));
#2820=DIRECTION('',(0.,0.,-1.));
#2821=DIRECTION('',(1.,-1.54197642309049E-16,0.));
#2822=DIRECTION('',(0.,0.,-1.));
#2823=DIRECTION('',(-1.,6.93889390390723E-17,0.));
#2824=DIRECTION('',(0.,0.,-1.));
#2825=DIRECTION('',(0.,0.,-1.));
#2826=DIRECTION('',(1.,-1.54197642309049E-16,0.));
#2827=DIRECTION('',(0.,0.,-1.));
#2828=DIRECTION('',(-1.,-2.39272203583008E-16,0.));
#2829=DIRECTION('',(2.39272203583008E-16,-1.,0.));
#2830=DIRECTION('',(-2.39272203583008E-16,1.,0.));
#2831=DIRECTION('',(0.,0.,-1.));
#2832=DIRECTION('',(-2.39272203583008E-16,-1.,0.));
#2833=DIRECTION('',(0.,0.,-1.));
#2834=DIRECTION('',(0.,0.,-1.));
#2835=DIRECTION('',(-2.39272203583008E-16,1.,0.));
#2836=DIRECTION('',(0.,0.,1.));
#2837=DIRECTION('',(1.,0.,0.));
#2838=DIRECTION('',(2.39272203583008E-16,1.,0.));
#2839=DIRECTION('',(-1.,1.54197642309049E-16,0.));
#2840=DIRECTION('',(0.,1.,0.));
#2841=DIRECTION('',(0.,0.,1.));
#2842=DIRECTION('',(0.,1.,0.));
#2843=DIRECTION('',(0.,0.,1.));
#2844=DIRECTION('',(0.,0.,-1.));
#2845=DIRECTION('',(1.,0.,0.));
#2846=DIRECTION('',(0.,0.,-1.));
#2847=DIRECTION('',(0.,-1.,0.));
#2848=DIRECTION('',(0.,0.,1.));
#2849=DIRECTION('',(1.,8.67361737988404E-17,0.));
#2850=DIRECTION('',(-8.67361737988404E-17,1.,0.));
#2851=DIRECTION('',(8.67361737988404E-17,-1.,0.));
#2852=DIRECTION('',(8.67361737988404E-17,-1.,0.));
#2853=DIRECTION('',(0.,1.,0.));
#2854=DIRECTION('',(0.,0.,1.));
#2855=DIRECTION('',(0.,0.,-1.));
#2856=DIRECTION('',(-1.,6.93889390390723E-17,0.));
#2857=DIRECTION('',(0.,0.,-1.));
#2858=DIRECTION('',(1.,0.,0.));
#2859=DIRECTION('',(0.,0.,-1.));
#2860=DIRECTION('',(1.,6.93889390390723E-17,0.));
#2861=DIRECTION('',(0.,0.,1.));
#2862=DIRECTION('',(1.,0.,0.));
#2863=DIRECTION('',(0.,0.,1.));
#2864=DIRECTION('',(1.,0.,0.));
#2865=DIRECTION('',(6.93889390390723E-17,-1.,0.));
#2866=DIRECTION('',(-6.93889390390723E-17,-1.,0.));
#2867=DIRECTION('',(-8.67361737988404E-17,-1.,0.));
#2868=DIRECTION('',(0.,0.,-1.));
#2869=DIRECTION('',(-1.,0.,0.));
#2870=DIRECTION('',(-8.67361737988404E-17,1.,0.));
#2871=DIRECTION('',(-1.,-8.67361737988404E-17,0.));
#2872=DIRECTION('',(0.,0.,1.));
#2873=DIRECTION('',(1.,0.,0.));
#2874=DIRECTION('',(0.,0.,1.));
#2875=DIRECTION('',(1.,0.,0.));
#2876=DIRECTION('',(6.93889390390723E-17,-1.,0.));
#2877=DIRECTION('',(-1.,-6.93889390390723E-17,0.));
#2878=DIRECTION('',(6.93889390390723E-17,-1.,0.));
#2879=DIRECTION('',(0.,0.,1.));
#2880=DIRECTION('',(1.,0.,0.));
#2881=DIRECTION('',(0.,1.,0.));
#2882=DIRECTION('',(0.,0.,1.));
#2883=DIRECTION('',(0.,0.,-1.));
#2884=DIRECTION('',(1.,0.,0.));
#2885=DIRECTION('',(1.,0.,0.));
#2886=DIRECTION('',(0.,0.,-1.));
#2887=DIRECTION('',(0.,-1.,0.));
#2888=DIRECTION('',(0.,0.,1.));
#2889=DIRECTION('',(1.,0.,0.));
#2890=DIRECTION('',(0.,0.,1.));
#2891=DIRECTION('',(1.,0.,0.));
#2892=DIRECTION('',(0.,0.,-1.));
#2893=DIRECTION('',(-1.,0.,0.));
#2894=DIRECTION('',(0.,0.,1.));
#2895=DIRECTION('',(1.,0.,0.));
#2896=DIRECTION('',(0.,0.,1.));
#2897=DIRECTION('',(1.,0.,0.));
#2898=DIRECTION('',(-1.,6.93889390390723E-17,0.));
#2899=DIRECTION('',(6.93889390390723E-17,1.,0.));
#2900=DIRECTION('',(-6.93889390390723E-17,-1.,0.));
#2901=DIRECTION('',(1.,-2.39272203583008E-16,0.));
#2902=DIRECTION('',(-2.39272203583008E-16,-1.,0.));
#2903=DIRECTION('',(2.39272203583008E-16,1.,0.));
#2904=DIRECTION('',(0.,0.,-1.));
#2905=DIRECTION('',(0.,0.,-1.));
#2906=DIRECTION('',(2.39272203583008E-16,-1.,0.));
#2907=DIRECTION('',(0.,0.,-1.));
#2908=DIRECTION('',(-1.,8.67361737988404E-17,0.));
#2909=DIRECTION('',(8.67361737988404E-17,1.,0.));
#2910=DIRECTION('',(-8.67361737988404E-17,-1.,0.));
#2911=DIRECTION('',(8.67361737988404E-17,1.,0.));
#2912=DIRECTION('',(1.,-8.67361737988404E-17,0.));
#2913=DIRECTION('',(0.,0.,1.));
#2914=DIRECTION('',(-1.,0.,0.));
#2915=DIRECTION('',(0.,0.,-1.));
#2916=DIRECTION('',(-1.,0.,0.));
#2917=DIRECTION('',(-6.93889390390723E-17,-1.,0.));
#2918=DIRECTION('',(1.,-6.93889390390723E-17,0.));
#2919=DIRECTION('',(-6.93889390390723E-17,-1.,0.));
#2920=DIRECTION('',(0.,0.,1.));
#2921=DIRECTION('',(-1.,0.,0.));
#2922=DIRECTION('',(0.,1.,0.));
#2923=DIRECTION('',(0.,0.,1.));
#2924=DIRECTION('',(-1.,0.,0.));
#2925=DIRECTION('',(0.,0.,-1.));
#2926=DIRECTION('',(-1.,0.,0.));
#2927=DIRECTION('',(0.,0.,-1.));
#2928=DIRECTION('',(0.,-1.,0.));
#2929=DIRECTION('',(0.,0.,1.));
#2930=DIRECTION('',(-1.,0.,0.));
#2931=DIRECTION('',(0.,0.,-1.));
#2932=DIRECTION('',(-1.,0.,0.));
#2933=DIRECTION('',(0.,0.,-1.));
#2934=DIRECTION('',(1.,0.,0.));
#2935=DIRECTION('',(0.,0.,-1.));
#2936=DIRECTION('',(-1.,0.,0.));
#2937=DIRECTION('',(0.,0.,1.));
#2938=DIRECTION('',(-1.,0.,0.));
#2939=DIRECTION('',(1.,-6.93889390390723E-17,0.));
#2940=DIRECTION('',(-6.93889390390723E-17,-1.,0.));
#2941=DIRECTION('',(6.93889390390723E-17,1.,0.));
#2942=DIRECTION('',(0.,0.,-1.));
#2943=DIRECTION('',(0.,0.,-1.));
#2944=DIRECTION('',(0.,0.,1.));
#2945=DIRECTION('',(1.,0.,0.));
#2946=DIRECTION('',(-1.,1.54197642309049E-16,0.));
#2947=DIRECTION('',(-8.67361737988404E-17,1.,0.));
#2948=DIRECTION('',(1.,0.,0.));
#2949=DIRECTION('',(8.67361737988404E-17,1.,0.));
#2950=DIRECTION('',(1.54197642309049E-16,1.,0.));
#2951=DIRECTION('',(1.,-1.54197642309049E-16,0.));
#2952=DIRECTION('',(1.,1.54197642309049E-16,0.));
#2953=DIRECTION('',(0.,0.,-1.));
#2954=DIRECTION('',(0.,0.,-1.));
#2955=DIRECTION('',(-1.,-6.93889390390723E-17,0.));
#2956=DIRECTION('',(0.,0.,-1.));
#2957=DIRECTION('',(1.,1.54197642309049E-16,0.));
#2958=DIRECTION('',(0.,0.,-1.));
#2959=DIRECTION('',(-1.54197642309049E-16,1.,0.));
#2960=DIRECTION('',(-1.,-1.54197642309049E-16,0.));
#2961=DIRECTION('',(-1.54197642309049E-16,-1.,0.));
#2962=DIRECTION('',(1.,-1.54197642309049E-16,0.));
#2963=DIRECTION('',(0.,0.,-1.));
#2964=DIRECTION('',(-1.,1.54197642309049E-16,0.));
#2965=DIRECTION('',(0.,0.,-1.));
#2966=DIRECTION('',(1.,-6.93889390390723E-17,0.));
#2967=DIRECTION('',(0.,0.,-1.));
#2968=DIRECTION('',(-1.,1.54197642309049E-16,0.));
#2969=DIRECTION('',(0.,-1.,0.));
#2970=DIRECTION('',(0.,0.,1.));
#2971=DIRECTION('',(0.,-1.,0.));
#2972=DIRECTION('',(0.,0.,1.));
#2973=DIRECTION('',(0.,0.,-1.));
#2974=DIRECTION('',(1.,0.,0.));
#2975=DIRECTION('',(0.,0.,-1.));
#2976=DIRECTION('',(0.,1.,0.));
#2977=DIRECTION('',(0.,0.,1.));
#2978=DIRECTION('',(1.,-8.67361737988404E-17,0.));
#2979=DIRECTION('',(-8.67361737988404E-17,-1.,0.));
#2980=DIRECTION('',(8.67361737988404E-17,1.,0.));
#2981=DIRECTION('',(8.67361737988404E-17,1.,0.));
#2982=DIRECTION('',(0.,-1.,0.));
#2983=DIRECTION('',(0.,0.,1.));
#2984=DIRECTION('',(1.,-6.93889390390723E-17,0.));
#2985=DIRECTION('',(0.,0.,-1.));
#2986=DIRECTION('',(1.,0.,0.));
#2987=DIRECTION('',(0.,0.,-1.));
#2988=DIRECTION('',(-1.,-6.93889390390723E-17,0.));
#2989=DIRECTION('',(0.,0.,-1.));
#2990=DIRECTION('',(0.,0.,1.));
#2991=DIRECTION('',(1.,0.,0.));
#2992=DIRECTION('',(0.,0.,-1.));
#2993=DIRECTION('',(1.,0.,0.));
#2994=DIRECTION('',(-8.67361737988404E-17,1.,0.));
#2995=DIRECTION('',(-6.93889390390723E-17,1.,0.));
#2996=DIRECTION('',(6.93889390390723E-17,1.,0.));
#2997=DIRECTION('',(0.,0.,1.));
#2998=DIRECTION('',(-1.,0.,0.));
#2999=DIRECTION('',(-8.67361737988404E-17,-1.,0.));
#3000=DIRECTION('',(-1.,8.67361737988404E-17,0.));
#3001=DIRECTION('',(0.,0.,1.));
#3002=DIRECTION('',(1.,0.,0.));
#3003=DIRECTION('',(0.,0.,-1.));
#3004=DIRECTION('',(1.,0.,0.));
#3005=DIRECTION('',(6.93889390390723E-17,1.,0.));
#3006=DIRECTION('',(-1.,6.93889390390723E-17,0.));
#3007=DIRECTION('',(6.93889390390723E-17,1.,0.));
#3008=DIRECTION('',(0.,0.,1.));
#3009=DIRECTION('',(1.,0.,0.));
#3010=DIRECTION('',(0.,-1.,0.));
#3011=DIRECTION('',(0.,0.,1.));
#3012=DIRECTION('',(1.,0.,0.));
#3013=DIRECTION('',(0.,0.,-1.));
#3014=DIRECTION('',(1.,0.,0.));
#3015=DIRECTION('',(0.,0.,-1.));
#3016=DIRECTION('',(0.,1.,0.));
#3017=DIRECTION('',(0.,0.,1.));
#3018=DIRECTION('',(1.,0.,0.));
#3019=DIRECTION('',(0.,0.,-1.));
#3020=DIRECTION('',(1.,0.,0.));
#3021=DIRECTION('',(0.,0.,-1.));
#3022=DIRECTION('',(-1.,0.,0.));
#3023=DIRECTION('',(0.,0.,-1.));
#3024=DIRECTION('',(1.,0.,0.));
#3025=DIRECTION('',(0.,0.,1.));
#3026=DIRECTION('',(1.,0.,0.));
#3027=DIRECTION('',(-1.,-6.93889390390723E-17,0.));
#3028=DIRECTION('',(6.93889390390723E-17,-1.,0.));
#3029=DIRECTION('',(-6.93889390390723E-17,1.,0.));
#3030=DIRECTION('',(-1.,-8.67361737988404E-17,0.));
#3031=DIRECTION('',(8.67361737988404E-17,-1.,0.));
#3032=DIRECTION('',(-8.67361737988404E-17,1.,0.));
#3033=DIRECTION('',(8.67361737988404E-17,-1.,0.));
#3034=DIRECTION('',(1.,8.67361737988404E-17,0.));
#3035=DIRECTION('',(0.,0.,1.));
#3036=DIRECTION('',(-1.,0.,0.));
#3037=DIRECTION('',(0.,0.,1.));
#3038=DIRECTION('',(-1.,0.,0.));
#3039=DIRECTION('',(-6.93889390390723E-17,1.,0.));
#3040=DIRECTION('',(1.,6.93889390390723E-17,0.));
#3041=DIRECTION('',(-6.93889390390723E-17,1.,0.));
#3042=DIRECTION('',(0.,0.,1.));
#3043=DIRECTION('',(-1.,0.,0.));
#3044=DIRECTION('',(0.,-1.,0.));
#3045=DIRECTION('',(0.,0.,1.));
#3046=DIRECTION('',(0.,0.,-1.));
#3047=DIRECTION('',(-1.,0.,0.));
#3048=DIRECTION('',(-1.,0.,0.));
#3049=DIRECTION('',(0.,0.,-1.));
#3050=DIRECTION('',(0.,1.,0.));
#3051=DIRECTION('',(0.,0.,1.));
#3052=DIRECTION('',(-1.,0.,0.));
#3053=DIRECTION('',(0.,0.,1.));
#3054=DIRECTION('',(-1.,0.,0.));
#3055=DIRECTION('',(0.,0.,-1.));
#3056=DIRECTION('',(1.,0.,0.));
#3057=DIRECTION('',(0.,0.,1.));
#3058=DIRECTION('',(-1.,0.,0.));
#3059=DIRECTION('',(0.,0.,1.));
#3060=DIRECTION('',(-1.,0.,0.));
#3061=CARTESIAN_POINT('',(0.,0.,0.));
#3062=CARTESIAN_POINT('',(0.1975,-0.025,0.0015));
#3063=CARTESIAN_POINT('',(0.1975,-0.083,0.0015));
#3064=CARTESIAN_POINT('',(0.19,-0.083,0.0015));
#3065=CARTESIAN_POINT('',(0.25,-0.083,0.0015));
#3066=CARTESIAN_POINT('',(0.25,-0.0755,0.0015));
#3067=CARTESIAN_POINT('',(0.25,-0.068,0.0015));
#3068=CARTESIAN_POINT('',(0.2575,-0.068,0.0015));
#3069=CARTESIAN_POINT('',(0.265,-0.068,0.0015));
#3070=CARTESIAN_POINT('',(0.265,-0.025,0.0015));
#3071=CARTESIAN_POINT('',(0.265,0.018,0.0015));
#3072=CARTESIAN_POINT('',(0.2575,0.018,0.0015));
#3073=CARTESIAN_POINT('',(0.25,0.018,0.0015));
#3074=CARTESIAN_POINT('',(0.25,0.0255,0.0015));
#3075=CARTESIAN_POINT('',(0.25,0.033,0.0015));
#3076=CARTESIAN_POINT('',(0.1975,0.033,0.0015));
#3077=CARTESIAN_POINT('',(0.19,0.033,0.0015));
#3078=CARTESIAN_POINT('',(0.19,0.0255,0.0015));
#3079=CARTESIAN_POINT('',(0.19,0.018,0.0015));
#3080=CARTESIAN_POINT('',(0.1825,0.018,0.0015));
#3081=CARTESIAN_POINT('',(0.175,0.018,0.0015));
#3082=CARTESIAN_POINT('',(0.175,-0.025,0.0015));
#3083=CARTESIAN_POINT('',(0.175,-0.068,0.0015));
#3084=CARTESIAN_POINT('',(0.1825,-0.068,0.0015));
#3085=CARTESIAN_POINT('',(0.19,-0.068,0.0015));
#3086=CARTESIAN_POINT('',(0.19,-0.0755,0.0015));
#3087=CARTESIAN_POINT('',(0.21,-0.01925,0.0015));
#3088=CARTESIAN_POINT('',(0.2115,-0.01925,0.0015));
#3089=CARTESIAN_POINT('',(0.234,-0.0305,0.0015));
#3090=CARTESIAN_POINT('',(0.234,-0.03175,0.0015));
#3091=CARTESIAN_POINT('',(0.234,-0.02925,0.0015));
#3092=CARTESIAN_POINT('',(0.213,-0.03175,0.0015));
#3093=CARTESIAN_POINT('',(0.206,-0.03175,0.0015));
#3094=CARTESIAN_POINT('',(0.206,-0.0305,0.0015));
#3095=CARTESIAN_POINT('',(0.206,-0.02925,0.0015));
#3096=CARTESIAN_POINT('',(0.213,-0.02925,0.0015));
#3097=CARTESIAN_POINT('',(0.23,-0.01925,0.0015));
#3098=CARTESIAN_POINT('',(0.2285,-0.01925,0.0015));
#3099=CARTESIAN_POINT('',(0.1975,-0.025,0.));
#3100=CARTESIAN_POINT('',(0.265,-0.025,0.));
#3101=CARTESIAN_POINT('',(0.265,0.033,0.));
#3102=CARTESIAN_POINT('',(0.265,-0.083,0.));
#3103=CARTESIAN_POINT('',(0.1975,-0.083,0.));
#3104=CARTESIAN_POINT('',(0.175,-0.083,0.));
#3105=CARTESIAN_POINT('',(0.175,-0.025,0.));
#3106=CARTESIAN_POINT('',(0.175,0.033,0.));
#3107=CARTESIAN_POINT('',(0.1975,0.033,0.));
#3108=CARTESIAN_POINT('',(0.21,-0.01925,0.));
#3109=CARTESIAN_POINT('',(0.2115,-0.01925,0.));
#3110=CARTESIAN_POINT('',(0.213,-0.03175,0.));
#3111=CARTESIAN_POINT('',(0.234,-0.03175,0.));
#3112=CARTESIAN_POINT('',(0.206,-0.03175,0.));
#3113=CARTESIAN_POINT('',(0.234,-0.0305,0.));
#3114=CARTESIAN_POINT('',(0.234,-0.02925,0.));
#3115=CARTESIAN_POINT('',(0.213,-0.02925,0.));
#3116=CARTESIAN_POINT('',(0.206,-0.02925,0.));
#3117=CARTESIAN_POINT('',(0.206,-0.0305,0.));
#3118=CARTESIAN_POINT('',(0.23,-0.01925,0.));
#3119=CARTESIAN_POINT('',(0.2285,-0.01925,0.));
#3120=CARTESIAN_POINT('',(0.1975,0.033,0.0015));
#3121=CARTESIAN_POINT('',(0.175,0.033,0.0015));
#3122=CARTESIAN_POINT('',(0.175,0.033,0.0315));
#3123=CARTESIAN_POINT('',(0.1975,0.033,0.0315));
#3124=CARTESIAN_POINT('',(0.19,0.033,0.0315));
#3125=CARTESIAN_POINT('',(0.19,0.033,0.0315));
#3126=CARTESIAN_POINT('',(0.25,0.033,0.0315));
#3127=CARTESIAN_POINT('',(0.25,0.033,0.0315));
#3128=CARTESIAN_POINT('',(0.2425,0.033,0.0315));
#3129=CARTESIAN_POINT('',(0.265,0.033,0.0315));
#3130=CARTESIAN_POINT('',(0.265,0.033,0.0015));
#3131=CARTESIAN_POINT('',(0.175,-0.025,0.0015));
#3132=CARTESIAN_POINT('',(0.175,-0.083,0.0015));
#3133=CARTESIAN_POINT('',(0.175,-0.083,0.0315));
#3134=CARTESIAN_POINT('',(0.175,-0.025,0.0315));
#3135=CARTESIAN_POINT('',(0.175,-0.068,0.0315));
#3136=CARTESIAN_POINT('',(0.175,-0.068,0.0315));
#3137=CARTESIAN_POINT('',(0.175,0.018,0.0315));
#3138=CARTESIAN_POINT('',(0.175,0.018,0.0315));
#3139=CARTESIAN_POINT('',(0.175,-0.025,0.0315));
#3140=CARTESIAN_POINT('',(0.1975,-0.083,0.0015));
#3141=CARTESIAN_POINT('',(0.265,-0.083,0.0015));
#3142=CARTESIAN_POINT('',(0.265,-0.083,0.0315));
#3143=CARTESIAN_POINT('',(0.2425,-0.083,0.0315));
#3144=CARTESIAN_POINT('',(0.25,-0.083,0.0315));
#3145=CARTESIAN_POINT('',(0.25,-0.083,0.0315));
#3146=CARTESIAN_POINT('',(0.19,-0.083,0.0315));
#3147=CARTESIAN_POINT('',(0.19,-0.083,0.0315));
#3148=CARTESIAN_POINT('',(0.1975,-0.083,0.0315));
#3149=CARTESIAN_POINT('',(0.21,-0.01925,0.));
#3150=CARTESIAN_POINT('',(0.213,-0.03175,0.));
#3151=CARTESIAN_POINT('',(0.234,-0.03175,0.));
#3152=CARTESIAN_POINT('',(0.206,-0.03175,0.));
#3153=CARTESIAN_POINT('',(0.213,-0.02925,0.));
#3154=CARTESIAN_POINT('',(0.206,-0.02925,0.));
#3155=CARTESIAN_POINT('',(0.234,-0.02925,0.));
#3156=CARTESIAN_POINT('',(0.206,-0.0305,0.));
#3157=CARTESIAN_POINT('',(0.1825,0.018,0.0315));
#3158=CARTESIAN_POINT('',(0.19,0.018,0.0315));
#3159=CARTESIAN_POINT('',(0.19,0.018,0.0315));
#3160=CARTESIAN_POINT('',(0.1825,0.018,0.0315));
#3161=CARTESIAN_POINT('',(0.19,0.0255,0.0315));
#3162=CARTESIAN_POINT('',(0.19,0.0255,0.0315));
#3163=CARTESIAN_POINT('',(0.1975,-0.025,0.0315));
#3164=CARTESIAN_POINT('',(0.1825,0.0255,0.0315));
#3165=CARTESIAN_POINT('',(0.18725,0.0255,0.0315));
#3166=CARTESIAN_POINT('',(0.1825,-0.068,0.0315));
#3167=CARTESIAN_POINT('',(0.1825,-0.068,0.0315));
#3168=CARTESIAN_POINT('',(0.19,-0.068,0.0315));
#3169=CARTESIAN_POINT('',(0.19,-0.068,0.0315));
#3170=CARTESIAN_POINT('',(0.19,-0.0755,0.0315));
#3171=CARTESIAN_POINT('',(0.19,-0.0755,0.0315));
#3172=CARTESIAN_POINT('',(0.1975,-0.025,0.0315));
#3173=CARTESIAN_POINT('',(0.1825,-0.0755,0.0315));
#3174=CARTESIAN_POINT('',(0.18725,-0.0755,0.0315));
#3175=CARTESIAN_POINT('',(0.1825,-0.0755,0.0065));
#3176=CARTESIAN_POINT('',(0.1825,-0.0755,0.0065));
#3177=CARTESIAN_POINT('',(0.18725,-0.0755,0.0065));
#3178=CARTESIAN_POINT('',(0.1825,-0.026375,0.0065));
#3179=CARTESIAN_POINT('',(0.1825,0.0255,0.0065));
#3180=CARTESIAN_POINT('',(0.1825,0.0255,0.0065));
#3181=CARTESIAN_POINT('',(0.18725,0.0255,0.0065));
#3182=CARTESIAN_POINT('',(0.1825,-0.026375,0.0065));
#3183=CARTESIAN_POINT('',(0.265,-0.025,0.0015));
#3184=CARTESIAN_POINT('',(0.265,-0.025,0.0315));
#3185=CARTESIAN_POINT('',(0.265,0.018,0.0315));
#3186=CARTESIAN_POINT('',(0.265,0.018,0.0315));
#3187=CARTESIAN_POINT('',(0.265,-0.068,0.0315));
#3188=CARTESIAN_POINT('',(0.265,-0.068,0.0315));
#3189=CARTESIAN_POINT('',(0.265,-0.025,0.0315));
#3190=CARTESIAN_POINT('',(0.23,-0.01925,0.));
#3191=CARTESIAN_POINT('',(0.234,-0.0305,0.));
#3192=CARTESIAN_POINT('',(0.2575,0.018,0.0315));
#3193=CARTESIAN_POINT('',(0.2575,0.018,0.0315));
#3194=CARTESIAN_POINT('',(0.25,0.018,0.0315));
#3195=CARTESIAN_POINT('',(0.25,0.018,0.0315));
#3196=CARTESIAN_POINT('',(0.25,0.0255,0.0315));
#3197=CARTESIAN_POINT('',(0.25,0.0255,0.0315));
#3198=CARTESIAN_POINT('',(0.2425,-0.025,0.0315));
#3199=CARTESIAN_POINT('',(0.2575,0.0255,0.0315));
#3200=CARTESIAN_POINT('',(0.25275,0.0255,0.0315));
#3201=CARTESIAN_POINT('',(0.2575,-0.068,0.0315));
#3202=CARTESIAN_POINT('',(0.25,-0.068,0.0315));
#3203=CARTESIAN_POINT('',(0.25,-0.068,0.0315));
#3204=CARTESIAN_POINT('',(0.2575,-0.068,0.0315));
#3205=CARTESIAN_POINT('',(0.25,-0.0755,0.0315));
#3206=CARTESIAN_POINT('',(0.25,-0.0755,0.0315));
#3207=CARTESIAN_POINT('',(0.2425,-0.025,0.0315));
#3208=CARTESIAN_POINT('',(0.2575,-0.0755,0.0315));
#3209=CARTESIAN_POINT('',(0.25275,-0.0755,0.0315));
#3210=CARTESIAN_POINT('',(0.2575,-0.0755,0.0065));
#3211=CARTESIAN_POINT('',(0.2575,-0.0755,0.0065));
#3212=CARTESIAN_POINT('',(0.25275,-0.0755,0.0065));
#3213=CARTESIAN_POINT('',(0.2575,-0.026375,0.0065));
#3214=CARTESIAN_POINT('',(0.2575,0.0255,0.0065));
#3215=CARTESIAN_POINT('',(0.2575,0.0255,0.0065));
#3216=CARTESIAN_POINT('',(0.25275,0.0255,0.0065));
#3217=CARTESIAN_POINT('',(0.2575,-0.026375,0.0065));
#3218=CARTESIAN_POINT('',(0.,0.,0.));
#3219=CARTESIAN_POINT('',(0.1,-0.054,0.0015));
#3220=CARTESIAN_POINT('',(0.1,0.033,0.0015));
#3221=CARTESIAN_POINT('',(0.07,0.033,0.0015));
#3222=CARTESIAN_POINT('',(0.13,0.033,0.0015));
#3223=CARTESIAN_POINT('',(0.07,0.0255,0.0015));
#3224=CARTESIAN_POINT('',(0.07,0.018,0.0015));
#3225=CARTESIAN_POINT('',(0.0625,0.018,0.0015));
#3226=CARTESIAN_POINT('',(0.055,0.018,0.0015));
#3227=CARTESIAN_POINT('',(0.055,-0.054,0.0015));
#3228=CARTESIAN_POINT('',(0.055,-0.068,0.0015));
#3229=CARTESIAN_POINT('',(0.0625,-0.068,0.0015));
#3230=CARTESIAN_POINT('',(0.07,-0.068,0.0015));
#3231=CARTESIAN_POINT('',(0.07,-0.0755,0.0015));
#3232=CARTESIAN_POINT('',(0.07,-0.083,0.0015));
#3233=CARTESIAN_POINT('',(0.1,-0.083,0.0015));
#3234=CARTESIAN_POINT('',(0.13,-0.083,0.0015));
#3235=CARTESIAN_POINT('',(0.13,-0.0755,0.0015));
#3236=CARTESIAN_POINT('',(0.13,-0.068,0.0015));
#3237=CARTESIAN_POINT('',(0.1375,-0.068,0.0015));
#3238=CARTESIAN_POINT('',(0.145,-0.068,0.0015));
#3239=CARTESIAN_POINT('',(0.145,-0.054,0.0015));
#3240=CARTESIAN_POINT('',(0.145,0.018,0.0015));
#3241=CARTESIAN_POINT('',(0.1375,0.018,0.0015));
#3242=CARTESIAN_POINT('',(0.13,0.018,0.0015));
#3243=CARTESIAN_POINT('',(0.13,0.0255,0.0015));
#3244=CARTESIAN_POINT('',(0.137,0.0105,0.0015));
#3245=CARTESIAN_POINT('',(0.137,0.013,0.0015));
#3246=CARTESIAN_POINT('',(0.137,0.008,0.0015));
#3247=CARTESIAN_POINT('',(0.1395,0.013,0.0015));
#3248=CARTESIAN_POINT('',(0.142,0.013,0.0015));
#3249=CARTESIAN_POINT('',(0.142,0.0105,0.0015));
#3250=CARTESIAN_POINT('',(0.142,0.008,0.0015));
#3251=CARTESIAN_POINT('',(0.1395,0.008,0.0015));
#3252=CARTESIAN_POINT('',(0.086,0.00925,0.0015));
#3253=CARTESIAN_POINT('',(0.086,0.0105,0.0015));
#3254=CARTESIAN_POINT('',(0.086,0.008,0.0015));
#3255=CARTESIAN_POINT('',(0.1,0.0105,0.0015));
#3256=CARTESIAN_POINT('',(0.114,0.0105,0.0015));
#3257=CARTESIAN_POINT('',(0.114,0.00925,0.0015));
#3258=CARTESIAN_POINT('',(0.114,0.008,0.0015));
#3259=CARTESIAN_POINT('',(0.1,0.008,0.0015));
#3260=CARTESIAN_POINT('',(0.1,-0.054,0.));
#3261=CARTESIAN_POINT('',(0.1,0.013,0.));
#3262=CARTESIAN_POINT('',(0.137,0.013,0.));
#3263=CARTESIAN_POINT('',(0.142,0.013,0.));
#3264=CARTESIAN_POINT('',(0.137,-0.054,0.));
#3265=CARTESIAN_POINT('',(0.137,0.008,0.));
#3266=CARTESIAN_POINT('',(0.1,0.008,0.));
#3267=CARTESIAN_POINT('',(0.142,0.008,0.));
#3268=CARTESIAN_POINT('',(0.142,-0.054,0.));
#3269=CARTESIAN_POINT('',(0.055,-0.054,0.));
#3270=CARTESIAN_POINT('',(0.055,0.033,0.));
#3271=CARTESIAN_POINT('',(0.055,-0.083,0.));
#3272=CARTESIAN_POINT('',(0.1,0.033,0.));
#3273=CARTESIAN_POINT('',(0.145,0.033,0.));
#3274=CARTESIAN_POINT('',(0.145,-0.054,0.));
#3275=CARTESIAN_POINT('',(0.145,-0.083,0.));
#3276=CARTESIAN_POINT('',(0.1,-0.083,0.));
#3277=CARTESIAN_POINT('',(0.1375,-0.0755,0.));
#3278=CARTESIAN_POINT('',(0.1375,-0.07075,0.));
#3279=CARTESIAN_POINT('',(0.0625,-0.0755,0.));
#3280=CARTESIAN_POINT('',(0.0625,-0.07075,0.));
#3281=CARTESIAN_POINT('',(0.1375,0.0255,0.));
#3282=CARTESIAN_POINT('',(0.1375,0.02075,0.));
#3283=CARTESIAN_POINT('',(0.0625,0.0255,0.));
#3284=CARTESIAN_POINT('',(0.0625,0.02075,0.));
#3285=CARTESIAN_POINT('',(0.1,0.0105,0.));
#3286=CARTESIAN_POINT('',(0.086,0.0105,0.));
#3287=CARTESIAN_POINT('',(0.114,0.0105,0.));
#3288=CARTESIAN_POINT('',(0.086,-0.054,0.));
#3289=CARTESIAN_POINT('',(0.086,0.008,0.));
#3290=CARTESIAN_POINT('',(0.1,0.008,0.));
#3291=CARTESIAN_POINT('',(0.114,0.008,0.));
#3292=CARTESIAN_POINT('',(0.114,-0.054,0.));
#3293=CARTESIAN_POINT('',(0.055,-0.054,0.0015));
#3294=CARTESIAN_POINT('',(0.055,-0.083,0.0015));
#3295=CARTESIAN_POINT('',(0.055,-0.083,0.0165));
#3296=CARTESIAN_POINT('',(0.055,-0.054,0.0165));
#3297=CARTESIAN_POINT('',(0.055,-0.068,0.0165));
#3298=CARTESIAN_POINT('',(0.055,-0.068,0.0165));
#3299=CARTESIAN_POINT('',(0.055,0.018,0.0165));
#3300=CARTESIAN_POINT('',(0.055,0.018,0.0165));
#3301=CARTESIAN_POINT('',(0.055,-0.054,0.0165));
#3302=CARTESIAN_POINT('',(0.055,0.033,0.0165));
#3303=CARTESIAN_POINT('',(0.055,0.033,0.0015));
#3304=CARTESIAN_POINT('',(0.1,-0.083,0.0015));
#3305=CARTESIAN_POINT('',(0.145,-0.083,0.0015));
#3306=CARTESIAN_POINT('',(0.145,-0.083,0.0165));
#3307=CARTESIAN_POINT('',(0.1,-0.083,0.0165));
#3308=CARTESIAN_POINT('',(0.13,-0.083,0.0165));
#3309=CARTESIAN_POINT('',(0.13,-0.083,0.0165));
#3310=CARTESIAN_POINT('',(0.07,-0.083,0.0165));
#3311=CARTESIAN_POINT('',(0.07,-0.083,0.0165));
#3312=CARTESIAN_POINT('',(0.1,-0.083,0.0165));
#3313=CARTESIAN_POINT('',(0.1375,-0.0755,0.0015));
#3314=CARTESIAN_POINT('',(0.1375,-0.0755,0.0165));
#3315=CARTESIAN_POINT('',(0.1375,-0.07075,0.0165));
#3316=CARTESIAN_POINT('',(0.145,-0.054,0.0015));
#3317=CARTESIAN_POINT('',(0.145,0.033,0.0015));
#3318=CARTESIAN_POINT('',(0.145,0.033,0.0165));
#3319=CARTESIAN_POINT('',(0.145,-0.054,0.0165));
#3320=CARTESIAN_POINT('',(0.145,0.018,0.0165));
#3321=CARTESIAN_POINT('',(0.145,0.018,0.0165));
#3322=CARTESIAN_POINT('',(0.145,-0.068,0.0165));
#3323=CARTESIAN_POINT('',(0.145,-0.068,0.0165));
#3324=CARTESIAN_POINT('',(0.145,-0.054,0.0165));
#3325=CARTESIAN_POINT('',(0.0625,-0.0755,0.0015));
#3326=CARTESIAN_POINT('',(0.0625,-0.0755,0.0165));
#3327=CARTESIAN_POINT('',(0.0625,-0.07075,0.0165));
#3328=CARTESIAN_POINT('',(0.1,0.033,0.0015));
#3329=CARTESIAN_POINT('',(0.1,0.033,0.0165));
#3330=CARTESIAN_POINT('',(0.07,0.033,0.0165));
#3331=CARTESIAN_POINT('',(0.07,0.033,0.0165));
#3332=CARTESIAN_POINT('',(0.13,0.033,0.0165));
#3333=CARTESIAN_POINT('',(0.13,0.033,0.0165));
#3334=CARTESIAN_POINT('',(0.1,0.033,0.0165));
#3335=CARTESIAN_POINT('',(0.1375,0.0255,0.0015));
#3336=CARTESIAN_POINT('',(0.1375,0.0255,0.0165));
#3337=CARTESIAN_POINT('',(0.1375,0.02075,0.0165));
#3338=CARTESIAN_POINT('',(0.0625,0.0255,0.0015));
#3339=CARTESIAN_POINT('',(0.0625,0.0255,0.0165));
#3340=CARTESIAN_POINT('',(0.0625,0.02075,0.0165));
#3341=CARTESIAN_POINT('',(0.0625,-0.068,0.0165));
#3342=CARTESIAN_POINT('',(0.0625,-0.068,0.0165));
#3343=CARTESIAN_POINT('',(0.07,-0.068,0.0165));
#3344=CARTESIAN_POINT('',(0.07,-0.068,0.0165));
#3345=CARTESIAN_POINT('',(0.07,-0.0755,0.0165));
#3346=CARTESIAN_POINT('',(0.07,-0.0755,0.0165));
#3347=CARTESIAN_POINT('',(0.1,-0.025,0.0165));
#3348=CARTESIAN_POINT('',(0.13,-0.0755,0.0165));
#3349=CARTESIAN_POINT('',(0.13,-0.0755,0.0165));
#3350=CARTESIAN_POINT('',(0.13,-0.068,0.0165));
#3351=CARTESIAN_POINT('',(0.13,-0.068,0.0165));
#3352=CARTESIAN_POINT('',(0.1375,-0.068,0.0165));
#3353=CARTESIAN_POINT('',(0.1375,-0.068,0.0165));
#3354=CARTESIAN_POINT('',(0.1,-0.025,0.0165));
#3355=CARTESIAN_POINT('',(0.1375,0.018,0.0165));
#3356=CARTESIAN_POINT('',(0.1375,0.018,0.0165));
#3357=CARTESIAN_POINT('',(0.13,0.018,0.0165));
#3358=CARTESIAN_POINT('',(0.13,0.018,0.0165));
#3359=CARTESIAN_POINT('',(0.13,0.0255,0.0165));
#3360=CARTESIAN_POINT('',(0.13,0.0255,0.0165));
#3361=CARTESIAN_POINT('',(0.1,-0.025,0.0165));
#3362=CARTESIAN_POINT('',(0.0625,0.018,0.0165));
#3363=CARTESIAN_POINT('',(0.07,0.018,0.0165));
#3364=CARTESIAN_POINT('',(0.07,0.018,0.0165));
#3365=CARTESIAN_POINT('',(0.0625,0.018,0.0165));
#3366=CARTESIAN_POINT('',(0.07,0.0255,0.0165));
#3367=CARTESIAN_POINT('',(0.07,0.0255,0.0165));
#3368=CARTESIAN_POINT('',(0.1,-0.025,0.0165));
#3369=CARTESIAN_POINT('',(0.1395,0.013,-0.0235));
#3370=CARTESIAN_POINT('',(0.142,0.013,-0.0235));
#3371=CARTESIAN_POINT('',(0.137,0.013,-0.0235));
#3372=CARTESIAN_POINT('',(0.137,0.0105,-0.0235));
#3373=CARTESIAN_POINT('',(0.137,0.008,-0.0235));
#3374=CARTESIAN_POINT('',(0.1395,0.008,-0.0235));
#3375=CARTESIAN_POINT('',(0.142,0.008,-0.0235));
#3376=CARTESIAN_POINT('',(0.142,0.0105,-0.0235));
#3377=CARTESIAN_POINT('',(0.1,0.0105,-0.0235));
#3378=CARTESIAN_POINT('',(0.114,0.0105,-0.0235));
#3379=CARTESIAN_POINT('',(0.086,0.0105,-0.0235));
#3380=CARTESIAN_POINT('',(0.086,0.00925,-0.0235));
#3381=CARTESIAN_POINT('',(0.086,0.008,-0.0235));
#3382=CARTESIAN_POINT('',(0.1,0.008,-0.0235));
#3383=CARTESIAN_POINT('',(0.114,0.008,-0.0235));
#3384=CARTESIAN_POINT('',(0.114,0.00925,-0.0235));
#3385=CARTESIAN_POINT('',(0.,0.,0.));
#3386=CARTESIAN_POINT('',(-0.0225,0.029,0.003));
#3387=CARTESIAN_POINT('',(-0.0225,0.058,0.003));
#3388=CARTESIAN_POINT('',(-0.009,0.058,0.003));
#3389=CARTESIAN_POINT('',(-0.03,0.058,0.003));
#3390=CARTESIAN_POINT('',(-0.03,0.0505,0.003));
#3391=CARTESIAN_POINT('',(-0.03,0.043,0.003));
#3392=CARTESIAN_POINT('',(-0.0375,0.043,0.003));
#3393=CARTESIAN_POINT('',(-0.045,0.043,0.003));
#3394=CARTESIAN_POINT('',(-0.045,0.029,0.003));
#3395=CARTESIAN_POINT('',(-0.045,-0.043,0.003));
#3396=CARTESIAN_POINT('',(-0.0375,-0.043,0.003));
#3397=CARTESIAN_POINT('',(-0.03,-0.043,0.003));
#3398=CARTESIAN_POINT('',(-0.03,-0.0505,0.003));
#3399=CARTESIAN_POINT('',(-0.03,-0.058,0.003));
#3400=CARTESIAN_POINT('',(-0.0225,-0.058,0.003));
#3401=CARTESIAN_POINT('',(-0.009,-0.058,0.003));
#3402=CARTESIAN_POINT('',(-0.009,-0.0455,0.003));
#3403=CARTESIAN_POINT('',(-0.009,-0.033,0.003));
#3404=CARTESIAN_POINT('',(-0.0045,-0.033,0.003));
#3405=CARTESIAN_POINT('',(0.009,-0.033,0.003));
#3406=CARTESIAN_POINT('',(0.009,-0.0455,0.003));
#3407=CARTESIAN_POINT('',(0.009,-0.058,0.003));
#3408=CARTESIAN_POINT('',(0.0225,-0.058,0.003));
#3409=CARTESIAN_POINT('',(0.03,-0.058,0.003));
#3410=CARTESIAN_POINT('',(0.03,-0.0505,0.003));
#3411=CARTESIAN_POINT('',(0.03,-0.043,0.003));
#3412=CARTESIAN_POINT('',(0.0375,-0.043,0.003));
#3413=CARTESIAN_POINT('',(0.045,-0.043,0.003));
#3414=CARTESIAN_POINT('',(0.045,0.029,0.003));
#3415=CARTESIAN_POINT('',(0.045,0.043,0.003));
#3416=CARTESIAN_POINT('',(0.0375,0.043,0.003));
#3417=CARTESIAN_POINT('',(0.03,0.043,0.003));
#3418=CARTESIAN_POINT('',(0.03,0.0505,0.003));
#3419=CARTESIAN_POINT('',(0.03,0.058,0.003));
#3420=CARTESIAN_POINT('',(0.0225,0.058,0.003));
#3421=CARTESIAN_POINT('',(0.009,0.058,0.003));
#3422=CARTESIAN_POINT('',(0.009,0.0455,0.003));
#3423=CARTESIAN_POINT('',(0.009,0.033,0.003));
#3424=CARTESIAN_POINT('',(-0.0045,0.033,0.003));
#3425=CARTESIAN_POINT('',(-0.009,0.033,0.003));
#3426=CARTESIAN_POINT('',(-0.009,0.0455,0.003));
#3427=CARTESIAN_POINT('',(-0.009,0.0455,0.01275));
#3428=CARTESIAN_POINT('',(-0.009,0.0455,0.01075));
#3429=CARTESIAN_POINT('',(-0.009,0.058,0.01075));
#3430=CARTESIAN_POINT('',(-0.009,0.033,0.01075));
#3431=CARTESIAN_POINT('',(-0.009,0.058,0.01275));
#3432=CARTESIAN_POINT('',(-0.009,0.033,0.01275));
#3433=CARTESIAN_POINT('',(-0.0225,0.029,0.003));
#3434=CARTESIAN_POINT('',(-0.0225,0.058,0.003));
#3435=CARTESIAN_POINT('',(0.0045,0.058,0.003));
#3436=CARTESIAN_POINT('',(-0.0045,0.058,0.003));
#3437=CARTESIAN_POINT('',(-0.0045,0.038,0.003));
#3438=CARTESIAN_POINT('',(-0.0045,0.038,0.003));
#3439=CARTESIAN_POINT('',(-0.003,0.038,0.003));
#3440=CARTESIAN_POINT('',(0.0045,0.038,0.003));
#3441=CARTESIAN_POINT('',(0.0045,0.038,0.003));
#3442=CARTESIAN_POINT('',(-0.0225,0.058,0.003));
#3443=CARTESIAN_POINT('',(-0.0225,0.058,0.));
#3444=CARTESIAN_POINT('',(0.045,0.058,0.));
#3445=CARTESIAN_POINT('',(-0.045,0.058,0.));
#3446=CARTESIAN_POINT('',(-0.045,0.058,0.003));
#3447=CARTESIAN_POINT('',(-0.045,0.058,0.083));
#3448=CARTESIAN_POINT('',(-0.0225,0.058,0.083));
#3449=CARTESIAN_POINT('',(-0.03,0.058,0.083));
#3450=CARTESIAN_POINT('',(-0.03,0.058,0.083));
#3451=CARTESIAN_POINT('',(-0.019,0.058,0.01075));
#3452=CARTESIAN_POINT('',(-0.019,0.058,0.01075));
#3453=CARTESIAN_POINT('',(-0.019,0.058,0.01275));
#3454=CARTESIAN_POINT('',(-0.019,0.058,0.01275));
#3455=CARTESIAN_POINT('',(-0.0225,0.058,0.01275));
#3456=CARTESIAN_POINT('',(-0.006,0.058,0.01275));
#3457=CARTESIAN_POINT('',(-0.006,0.058,0.01275));
#3458=CARTESIAN_POINT('',(-0.006,0.058,0.0045));
#3459=CARTESIAN_POINT('',(-0.0045,0.058,0.0045));
#3460=CARTESIAN_POINT('',(0.0045,0.058,0.0045));
#3461=CARTESIAN_POINT('',(0.006,0.058,0.0045));
#3462=CARTESIAN_POINT('',(0.006,0.058,0.01275));
#3463=CARTESIAN_POINT('',(0.006,0.058,0.01275));
#3464=CARTESIAN_POINT('',(0.0225,0.058,0.01275));
#3465=CARTESIAN_POINT('',(0.019,0.058,0.01275));
#3466=CARTESIAN_POINT('',(0.019,0.058,0.01275));
#3467=CARTESIAN_POINT('',(0.019,0.058,0.01075));
#3468=CARTESIAN_POINT('',(0.019,0.058,0.01075));
#3469=CARTESIAN_POINT('',(0.009,0.058,0.01075));
#3470=CARTESIAN_POINT('',(0.009,0.058,0.01275));
#3471=CARTESIAN_POINT('',(0.03,0.058,0.083));
#3472=CARTESIAN_POINT('',(0.03,0.058,0.083));
#3473=CARTESIAN_POINT('',(0.0225,0.058,0.083));
#3474=CARTESIAN_POINT('',(0.045,0.058,0.083));
#3475=CARTESIAN_POINT('',(0.045,0.058,0.003));
#3476=CARTESIAN_POINT('',(-0.045,0.029,0.003));
#3477=CARTESIAN_POINT('',(-0.045,0.029,0.));
#3478=CARTESIAN_POINT('',(-0.045,-0.058,0.));
#3479=CARTESIAN_POINT('',(-0.045,-0.058,0.003));
#3480=CARTESIAN_POINT('',(-0.045,-0.058,0.083));
#3481=CARTESIAN_POINT('',(-0.045,-0.029,0.083));
#3482=CARTESIAN_POINT('',(-0.045,-0.043,0.083));
#3483=CARTESIAN_POINT('',(-0.045,-0.043,0.083));
#3484=CARTESIAN_POINT('',(-0.045,0.043,0.083));
#3485=CARTESIAN_POINT('',(-0.045,0.043,0.083));
#3486=CARTESIAN_POINT('',(-0.045,0.029,0.083));
#3487=CARTESIAN_POINT('',(-0.0225,0.029,0.));
#3488=CARTESIAN_POINT('',(0.045,0.029,0.));
#3489=CARTESIAN_POINT('',(0.045,-0.058,0.));
#3490=CARTESIAN_POINT('',(-0.0225,-0.058,0.));
#3491=CARTESIAN_POINT('',(-0.003,0.038,0.01275));
#3492=CARTESIAN_POINT('',(-0.0045,0.038,0.0045));
#3493=CARTESIAN_POINT('',(-0.006,0.038,0.0045));
#3494=CARTESIAN_POINT('',(-0.006,0.038,0.01275));
#3495=CARTESIAN_POINT('',(-0.006,0.038,0.01275));
#3496=CARTESIAN_POINT('',(-0.003,0.038,0.01275));
#3497=CARTESIAN_POINT('',(0.006,0.038,0.01275));
#3498=CARTESIAN_POINT('',(0.006,0.038,0.01275));
#3499=CARTESIAN_POINT('',(0.006,0.038,0.0045));
#3500=CARTESIAN_POINT('',(0.0045,0.038,0.0045));
#3501=CARTESIAN_POINT('',(-0.006,0.048,0.01275));
#3502=CARTESIAN_POINT('',(-0.006,0.058,0.0045));
#3503=CARTESIAN_POINT('',(-0.006,0.048,0.01275));
#3504=CARTESIAN_POINT('',(-0.0045,0.033,0.01275));
#3505=CARTESIAN_POINT('',(0.009,0.033,0.01275));
#3506=CARTESIAN_POINT('',(0.009,0.033,0.01075));
#3507=CARTESIAN_POINT('',(0.019,0.033,0.01075));
#3508=CARTESIAN_POINT('',(0.019,0.033,0.01075));
#3509=CARTESIAN_POINT('',(0.019,0.033,0.01275));
#3510=CARTESIAN_POINT('',(0.019,0.033,0.01275));
#3511=CARTESIAN_POINT('',(-0.0045,0.033,0.01275));
#3512=CARTESIAN_POINT('',(-0.019,0.033,0.01275));
#3513=CARTESIAN_POINT('',(-0.019,0.033,0.01275));
#3514=CARTESIAN_POINT('',(-0.019,0.033,0.01075));
#3515=CARTESIAN_POINT('',(-0.019,0.033,0.01075));
#3516=CARTESIAN_POINT('',(-0.0225,0.029,0.01275));
#3517=CARTESIAN_POINT('',(-0.014,0.0455,0.01275));
#3518=CARTESIAN_POINT('',(-0.01175,0.0455,0.01275));
#3519=CARTESIAN_POINT('',(-0.019,0.0455,0.01275));
#3520=CARTESIAN_POINT('',(0.019,0.0455,0.01275));
#3521=CARTESIAN_POINT('',(0.006,0.048,0.01275));
#3522=CARTESIAN_POINT('',(0.014,0.0455,0.01275));
#3523=CARTESIAN_POINT('',(0.01175,0.0455,0.01275));
#3524=CARTESIAN_POINT('',(-0.0045,0.029,0.0045));
#3525=CARTESIAN_POINT('',(-0.019,0.0455,0.01075));
#3526=CARTESIAN_POINT('',(-0.014,0.0455,0.01075));
#3527=CARTESIAN_POINT('',(-0.01175,0.0455,0.01075));
#3528=CARTESIAN_POINT('',(-0.019,0.0455,0.01075));
#3529=CARTESIAN_POINT('',(-0.019,0.0455,0.007875));
#3530=CARTESIAN_POINT('',(-0.014,0.0455,0.01075));
#3531=CARTESIAN_POINT('',(-0.0375,0.043,0.083));
#3532=CARTESIAN_POINT('',(-0.03,0.043,0.083));
#3533=CARTESIAN_POINT('',(-0.03,0.043,0.083));
#3534=CARTESIAN_POINT('',(-0.0375,0.043,0.083));
#3535=CARTESIAN_POINT('',(-0.03,0.0505,0.083));
#3536=CARTESIAN_POINT('',(-0.03,0.0505,0.083));
#3537=CARTESIAN_POINT('',(-0.0225,0.029,0.083));
#3538=CARTESIAN_POINT('',(-0.0375,0.0505,0.083));
#3539=CARTESIAN_POINT('',(-0.033,0.0505,0.083));
#3540=CARTESIAN_POINT('',(-0.0375,0.0505,0.1155));
#3541=CARTESIAN_POINT('',(-0.0375,0.0505,0.1155));
#3542=CARTESIAN_POINT('',(-0.033,0.0505,0.1155));
#3543=CARTESIAN_POINT('',(-0.0375,0.0505,0.1155));
#3544=CARTESIAN_POINT('',(0.009,0.0455,0.01275));
#3545=CARTESIAN_POINT('',(0.009,0.0455,0.01075));
#3546=CARTESIAN_POINT('',(0.045,0.029,0.003));
#3547=CARTESIAN_POINT('',(0.045,0.029,0.083));
#3548=CARTESIAN_POINT('',(0.045,0.043,0.083));
#3549=CARTESIAN_POINT('',(0.045,0.043,0.083));
#3550=CARTESIAN_POINT('',(0.045,-0.043,0.083));
#3551=CARTESIAN_POINT('',(0.045,-0.043,0.083));
#3552=CARTESIAN_POINT('',(0.045,-0.029,0.083));
#3553=CARTESIAN_POINT('',(0.045,-0.058,0.083));
#3554=CARTESIAN_POINT('',(0.045,-0.058,0.003));
#3555=CARTESIAN_POINT('',(0.006,0.048,0.01275));
#3556=CARTESIAN_POINT('',(0.006,0.058,0.0045));
#3557=CARTESIAN_POINT('',(0.0045,0.029,0.0045));
#3558=CARTESIAN_POINT('',(0.019,0.0455,0.01075));
#3559=CARTESIAN_POINT('',(0.014,0.0455,0.01075));
#3560=CARTESIAN_POINT('',(0.01175,0.0455,0.01075));
#3561=CARTESIAN_POINT('',(0.019,0.0455,0.01075));
#3562=CARTESIAN_POINT('',(0.019,0.0455,0.007875));
#3563=CARTESIAN_POINT('',(0.014,0.0455,0.01075));
#3564=CARTESIAN_POINT('',(0.0375,0.043,0.083));
#3565=CARTESIAN_POINT('',(0.0375,0.043,0.083));
#3566=CARTESIAN_POINT('',(0.03,0.043,0.083));
#3567=CARTESIAN_POINT('',(0.03,0.043,0.083));
#3568=CARTESIAN_POINT('',(0.03,0.0505,0.083));
#3569=CARTESIAN_POINT('',(0.03,0.0505,0.083));
#3570=CARTESIAN_POINT('',(0.0225,0.029,0.083));
#3571=CARTESIAN_POINT('',(0.0375,0.0505,0.083));
#3572=CARTESIAN_POINT('',(0.033,0.0505,0.083));
#3573=CARTESIAN_POINT('',(0.0375,0.0505,0.1155));
#3574=CARTESIAN_POINT('',(0.0375,0.0505,0.1155));
#3575=CARTESIAN_POINT('',(0.033,0.0505,0.1155));
#3576=CARTESIAN_POINT('',(0.0375,0.0505,0.1155));
#3577=CARTESIAN_POINT('',(-0.009,-0.0455,0.01275));
#3578=CARTESIAN_POINT('',(-0.009,-0.0455,0.01075));
#3579=CARTESIAN_POINT('',(-0.009,-0.058,0.01075));
#3580=CARTESIAN_POINT('',(-0.009,-0.033,0.01075));
#3581=CARTESIAN_POINT('',(-0.009,-0.033,0.01275));
#3582=CARTESIAN_POINT('',(-0.009,-0.058,0.01275));
#3583=CARTESIAN_POINT('',(-0.0225,-0.029,0.003));
#3584=CARTESIAN_POINT('',(-0.0225,-0.058,0.003));
#3585=CARTESIAN_POINT('',(0.0045,-0.058,0.003));
#3586=CARTESIAN_POINT('',(-0.0045,-0.058,0.003));
#3587=CARTESIAN_POINT('',(0.0045,-0.038,0.003));
#3588=CARTESIAN_POINT('',(0.0045,-0.038,0.003));
#3589=CARTESIAN_POINT('',(-0.003,-0.038,0.003));
#3590=CARTESIAN_POINT('',(-0.0045,-0.038,0.003));
#3591=CARTESIAN_POINT('',(-0.0045,-0.038,0.003));
#3592=CARTESIAN_POINT('',(-0.0225,-0.058,0.003));
#3593=CARTESIAN_POINT('',(0.0225,-0.058,0.083));
#3594=CARTESIAN_POINT('',(0.03,-0.058,0.083));
#3595=CARTESIAN_POINT('',(0.03,-0.058,0.083));
#3596=CARTESIAN_POINT('',(0.009,-0.058,0.01275));
#3597=CARTESIAN_POINT('',(0.009,-0.058,0.01075));
#3598=CARTESIAN_POINT('',(0.019,-0.058,0.01075));
#3599=CARTESIAN_POINT('',(0.019,-0.058,0.01075));
#3600=CARTESIAN_POINT('',(0.019,-0.058,0.01275));
#3601=CARTESIAN_POINT('',(0.019,-0.058,0.01275));
#3602=CARTESIAN_POINT('',(0.0225,-0.058,0.01275));
#3603=CARTESIAN_POINT('',(0.006,-0.058,0.01275));
#3604=CARTESIAN_POINT('',(0.006,-0.058,0.01275));
#3605=CARTESIAN_POINT('',(0.006,-0.058,0.0045));
#3606=CARTESIAN_POINT('',(0.0045,-0.058,0.0045));
#3607=CARTESIAN_POINT('',(-0.0045,-0.058,0.0045));
#3608=CARTESIAN_POINT('',(-0.006,-0.058,0.0045));
#3609=CARTESIAN_POINT('',(-0.006,-0.058,0.01275));
#3610=CARTESIAN_POINT('',(-0.006,-0.058,0.01275));
#3611=CARTESIAN_POINT('',(-0.0225,-0.058,0.01275));
#3612=CARTESIAN_POINT('',(-0.019,-0.058,0.01275));
#3613=CARTESIAN_POINT('',(-0.019,-0.058,0.01275));
#3614=CARTESIAN_POINT('',(-0.019,-0.058,0.01075));
#3615=CARTESIAN_POINT('',(-0.019,-0.058,0.01075));
#3616=CARTESIAN_POINT('',(-0.03,-0.058,0.083));
#3617=CARTESIAN_POINT('',(-0.03,-0.058,0.083));
#3618=CARTESIAN_POINT('',(-0.0225,-0.058,0.083));
#3619=CARTESIAN_POINT('',(-0.003,-0.038,0.01275));
#3620=CARTESIAN_POINT('',(0.0045,-0.038,0.0045));
#3621=CARTESIAN_POINT('',(0.006,-0.038,0.0045));
#3622=CARTESIAN_POINT('',(0.006,-0.038,0.01275));
#3623=CARTESIAN_POINT('',(0.006,-0.038,0.01275));
#3624=CARTESIAN_POINT('',(-0.003,-0.038,0.01275));
#3625=CARTESIAN_POINT('',(-0.006,-0.038,0.01275));
#3626=CARTESIAN_POINT('',(-0.006,-0.038,0.01275));
#3627=CARTESIAN_POINT('',(-0.006,-0.038,0.0045));
#3628=CARTESIAN_POINT('',(-0.0045,-0.038,0.0045));
#3629=CARTESIAN_POINT('',(-0.006,-0.048,0.01275));
#3630=CARTESIAN_POINT('',(-0.006,-0.048,0.01275));
#3631=CARTESIAN_POINT('',(-0.006,-0.058,0.0045));
#3632=CARTESIAN_POINT('',(-0.0045,-0.033,0.01275));
#3633=CARTESIAN_POINT('',(-0.019,-0.033,0.01075));
#3634=CARTESIAN_POINT('',(-0.019,-0.033,0.01075));
#3635=CARTESIAN_POINT('',(-0.019,-0.033,0.01275));
#3636=CARTESIAN_POINT('',(-0.019,-0.033,0.01275));
#3637=CARTESIAN_POINT('',(-0.0045,-0.033,0.01275));
#3638=CARTESIAN_POINT('',(0.019,-0.033,0.01275));
#3639=CARTESIAN_POINT('',(0.019,-0.033,0.01275));
#3640=CARTESIAN_POINT('',(0.019,-0.033,0.01075));
#3641=CARTESIAN_POINT('',(0.019,-0.033,0.01075));
#3642=CARTESIAN_POINT('',(0.009,-0.033,0.01075));
#3643=CARTESIAN_POINT('',(0.009,-0.033,0.01275));
#3644=CARTESIAN_POINT('',(-0.0225,-0.029,0.01275));
#3645=CARTESIAN_POINT('',(-0.014,-0.0455,0.01275));
#3646=CARTESIAN_POINT('',(-0.01175,-0.0455,0.01275));
#3647=CARTESIAN_POINT('',(0.006,-0.048,0.01275));
#3648=CARTESIAN_POINT('',(0.019,-0.0455,0.01275));
#3649=CARTESIAN_POINT('',(-0.019,-0.0455,0.01275));
#3650=CARTESIAN_POINT('',(0.014,-0.0455,0.01275));
#3651=CARTESIAN_POINT('',(0.01175,-0.0455,0.01275));
#3652=CARTESIAN_POINT('',(-0.0045,-0.029,0.0045));
#3653=CARTESIAN_POINT('',(-0.019,-0.0455,0.01075));
#3654=CARTESIAN_POINT('',(-0.014,-0.0455,0.01075));
#3655=CARTESIAN_POINT('',(-0.01175,-0.0455,0.01075));
#3656=CARTESIAN_POINT('',(-0.019,-0.0455,0.01075));
#3657=CARTESIAN_POINT('',(-0.019,-0.0455,0.007875));
#3658=CARTESIAN_POINT('',(-0.014,-0.0455,0.01075));
#3659=CARTESIAN_POINT('',(-0.0375,-0.043,0.083));
#3660=CARTESIAN_POINT('',(-0.0375,-0.043,0.083));
#3661=CARTESIAN_POINT('',(-0.03,-0.043,0.083));
#3662=CARTESIAN_POINT('',(-0.03,-0.043,0.083));
#3663=CARTESIAN_POINT('',(-0.03,-0.0505,0.083));
#3664=CARTESIAN_POINT('',(-0.03,-0.0505,0.083));
#3665=CARTESIAN_POINT('',(-0.0225,-0.029,0.083));
#3666=CARTESIAN_POINT('',(-0.0375,-0.0505,0.083));
#3667=CARTESIAN_POINT('',(-0.033,-0.0505,0.083));
#3668=CARTESIAN_POINT('',(-0.0375,-0.0505,0.1155));
#3669=CARTESIAN_POINT('',(-0.0375,-0.0505,0.1155));
#3670=CARTESIAN_POINT('',(-0.033,-0.0505,0.1155));
#3671=CARTESIAN_POINT('',(-0.0375,-0.0505,0.1155));
#3672=CARTESIAN_POINT('',(0.009,-0.0455,0.01275));
#3673=CARTESIAN_POINT('',(0.009,-0.0455,0.01075));
#3674=CARTESIAN_POINT('',(0.006,-0.048,0.01275));
#3675=CARTESIAN_POINT('',(0.006,-0.058,0.0045));
#3676=CARTESIAN_POINT('',(0.0045,-0.029,0.0045));
#3677=CARTESIAN_POINT('',(0.019,-0.0455,0.01075));
#3678=CARTESIAN_POINT('',(0.014,-0.0455,0.01075));
#3679=CARTESIAN_POINT('',(0.01175,-0.0455,0.01075));
#3680=CARTESIAN_POINT('',(0.019,-0.0455,0.01075));
#3681=CARTESIAN_POINT('',(0.019,-0.0455,0.007875));
#3682=CARTESIAN_POINT('',(0.014,-0.0455,0.01075));
#3683=CARTESIAN_POINT('',(0.0375,-0.043,0.083));
#3684=CARTESIAN_POINT('',(0.03,-0.043,0.083));
#3685=CARTESIAN_POINT('',(0.03,-0.043,0.083));
#3686=CARTESIAN_POINT('',(0.0375,-0.043,0.083));
#3687=CARTESIAN_POINT('',(0.03,-0.0505,0.083));
#3688=CARTESIAN_POINT('',(0.03,-0.0505,0.083));
#3689=CARTESIAN_POINT('',(0.0225,-0.029,0.083));
#3690=CARTESIAN_POINT('',(0.0375,-0.0505,0.083));
#3691=CARTESIAN_POINT('',(0.033,-0.0505,0.083));
#3692=CARTESIAN_POINT('',(0.0375,-0.0505,0.1155));
#3693=CARTESIAN_POINT('',(0.0375,-0.0505,0.1155));
#3694=CARTESIAN_POINT('',(0.033,-0.0505,0.1155));
#3695=CARTESIAN_POINT('',(0.0375,-0.0505,0.1155));
#3696=MECHANICAL_DESIGN_GEOMETRIC_PRESENTATION_REPRESENTATION('',(#2271),
#3699);
#3697=MECHANICAL_DESIGN_GEOMETRIC_PRESENTATION_REPRESENTATION('',(#2272),
#3700);
#3698=MECHANICAL_DESIGN_GEOMETRIC_PRESENTATION_REPRESENTATION('',(#2273),
#3701);
#3699=(
GEOMETRIC_REPRESENTATION_CONTEXT(3)
GLOBAL_UNCERTAINTY_ASSIGNED_CONTEXT((#3702))
GLOBAL_UNIT_ASSIGNED_CONTEXT((#3711,#3708,#3705))
REPRESENTATION_CONTEXT('Part 3','TOP_LEVEL_ASSEMBLY_PART')
);
#3700=(
GEOMETRIC_REPRESENTATION_CONTEXT(3)
GLOBAL_UNCERTAINTY_ASSIGNED_CONTEXT((#3703))
GLOBAL_UNIT_ASSIGNED_CONTEXT((#3712,#3709,#3706))
REPRESENTATION_CONTEXT('Part 1','TOP_LEVEL_ASSEMBLY_PART')
);
#3701=(
GEOMETRIC_REPRESENTATION_CONTEXT(3)
GLOBAL_UNCERTAINTY_ASSIGNED_CONTEXT((#3704))
GLOBAL_UNIT_ASSIGNED_CONTEXT((#3713,#3710,#3707))
REPRESENTATION_CONTEXT('Part 2','TOP_LEVEL_ASSEMBLY_PART')
);
#3702=UNCERTAINTY_MEASURE_WITH_UNIT(LENGTH_MEASURE(1.E-8),#3711,
'DISTANCE_ACCURACY_VALUE','Maximum Tolerance applied to model');
#3703=UNCERTAINTY_MEASURE_WITH_UNIT(LENGTH_MEASURE(1.E-8),#3712,
'DISTANCE_ACCURACY_VALUE','Maximum Tolerance applied to model');
#3704=UNCERTAINTY_MEASURE_WITH_UNIT(LENGTH_MEASURE(1.E-8),#3713,
'DISTANCE_ACCURACY_VALUE','Maximum Tolerance applied to model');
#3705=(
NAMED_UNIT(*)
SI_UNIT($,.STERADIAN.)
SOLID_ANGLE_UNIT()
);
#3706=(
NAMED_UNIT(*)
SI_UNIT($,.STERADIAN.)
SOLID_ANGLE_UNIT()
);
#3707=(
NAMED_UNIT(*)
SI_UNIT($,.STERADIAN.)
SOLID_ANGLE_UNIT()
);
#3708=(
NAMED_UNIT(*)
PLANE_ANGLE_UNIT()
SI_UNIT($,.RADIAN.)
);
#3709=(
NAMED_UNIT(*)
PLANE_ANGLE_UNIT()
SI_UNIT($,.RADIAN.)
);
#3710=(
NAMED_UNIT(*)
PLANE_ANGLE_UNIT()
SI_UNIT($,.RADIAN.)
);
#3711=(
LENGTH_UNIT()
NAMED_UNIT(*)
SI_UNIT($,.METRE.)
);
#3712=(
LENGTH_UNIT()
NAMED_UNIT(*)
SI_UNIT($,.METRE.)
);
#3713=(
LENGTH_UNIT()
NAMED_UNIT(*)
SI_UNIT($,.METRE.)
);
#3714=PRODUCT_DEFINITION_SHAPE('','',#3717);
#3715=PRODUCT_DEFINITION_SHAPE('','',#3718);
#3716=PRODUCT_DEFINITION_SHAPE('','',#3719);
#3717=PRODUCT_DEFINITION('','',#3723,#3720);
#3718=PRODUCT_DEFINITION('','',#3724,#3721);
#3719=PRODUCT_DEFINITION('','',#3725,#3722);
#3720=PRODUCT_DEFINITION_CONTEXT('',#3741,'design');
#3721=PRODUCT_DEFINITION_CONTEXT('',#3742,'design');
#3722=PRODUCT_DEFINITION_CONTEXT('',#3743,'design');
#3723=PRODUCT_DEFINITION_FORMATION_WITH_SPECIFIED_SOURCE('','',#3729,
 .NOT_KNOWN.);
#3724=PRODUCT_DEFINITION_FORMATION_WITH_SPECIFIED_SOURCE('','',#3730,
 .NOT_KNOWN.);
#3725=PRODUCT_DEFINITION_FORMATION_WITH_SPECIFIED_SOURCE('','',#3731,
 .NOT_KNOWN.);
#3726=PRODUCT_RELATED_PRODUCT_CATEGORY('','',(#3729));
#3727=PRODUCT_RELATED_PRODUCT_CATEGORY('','',(#3730));
#3728=PRODUCT_RELATED_PRODUCT_CATEGORY('','',(#3731));
#3729=PRODUCT('Part 3','Part 3','Part 3',(#3735));
#3730=PRODUCT('Part 1','Part 1','Part 1',(#3736));
#3731=PRODUCT('Part 2','Part 2','Part 2',(#3737));
#3732=PRODUCT_CATEGORY('','');
#3733=PRODUCT_CATEGORY('','');
#3734=PRODUCT_CATEGORY('','');
#3735=PRODUCT_CONTEXT('',#3741,'mechanical');
#3736=PRODUCT_CONTEXT('',#3742,'mechanical');
#3737=PRODUCT_CONTEXT('',#3743,'mechanical');
#3738=APPLICATION_PROTOCOL_DEFINITION('international standard',
'ap242_managed_model_based_3d_engineering',2020,#3741);
#3739=APPLICATION_PROTOCOL_DEFINITION('international standard',
'ap242_managed_model_based_3d_engineering',2020,#3742);
#3740=APPLICATION_PROTOCOL_DEFINITION('international standard',
'ap242_managed_model_based_3d_engineering',2020,#3743);
#3741=APPLICATION_CONTEXT('managed model based 3d engineering');
#3742=APPLICATION_CONTEXT('managed model based 3d engineering');
#3743=APPLICATION_CONTEXT('managed model based 3d engineering');
ENDSEC;
END-ISO-10303-21;
